/*!40101 SET @OLD_CHARACTER_SET_CLIENT=@@CHARACTER_SET_CLIENT */;
/*!40101 SET NAMES utf8 */;
/*!50503 SET NAMES utf8mb4 */;
/*!40103 SET @OLD_TIME_ZONE=@@TIME_ZONE */;
/*!40103 SET TIME_ZONE='+00:00' */;
/*!40014 SET @OLD_FOREIGN_KEY_CHECKS=@@FOREIGN_KEY_CHECKS, FOREIGN_KEY_CHECKS=0 */;
/*!40101 SET @OLD_SQL_MODE=@@SQL_MODE, SQL_MODE='NO_AUTO_VALUE_ON_ZERO' */;
/*!40111 SET @OLD_SQL_NOTES=@@SQL_NOTES, SQL_NOTES=0 */;

CREATE DATABASE IF NOT EXISTS `klinik` /*!40100 DEFAULT CHARACTER SET utf8mb4 */;
USE `klinik`;

CREATE TABLE IF NOT EXISTS `antrians` (
  `id_antrian` bigint(20) unsigned NOT NULL AUTO_INCREMENT,
  `Nomor_antrian` varchar(255) COLLATE utf8mb4_unicode_ci NOT NULL,
  `tanggal_antrian` date NOT NULL,
  `waktu_antrian` time NOT NULL,
  `id_pendafataran` bigint(20) unsigned NOT NULL,
  `created_at` timestamp NULL DEFAULT NULL,
  `updated_at` timestamp NULL DEFAULT NULL,
  PRIMARY KEY (`id_antrian`),
  KEY `antrians_id_pendafataran_foreign` (`id_pendafataran`),
  CONSTRAINT `antrians_id_pendafataran_foreign` FOREIGN KEY (`id_pendafataran`) REFERENCES `pendaftaran_pasiens` (`id`) ON DELETE CASCADE
) ENGINE=InnoDB AUTO_INCREMENT=20 DEFAULT CHARSET=utf8mb4 COLLATE=utf8mb4_unicode_ci;

INSERT INTO `antrians` (`id_antrian`, `Nomor_antrian`, `tanggal_antrian`, `waktu_antrian`, `id_pendafataran`, `created_at`, `updated_at`) VALUES
	(1, '1', '2023-05-20', '21:01:00', 1, '2023-05-20 07:02:38', '2023-05-20 07:02:38'),
	(2, '2', '2023-05-20', '23:58:00', 2, '2023-05-20 09:59:05', '2023-05-20 09:59:05'),
	(3, '1', '2023-05-21', '15:11:00', 5, '2023-05-21 01:12:05', '2023-05-21 01:12:05'),
	(4, '2', '2023-05-21', '19:01:00', 6, '2023-05-21 05:02:33', '2023-05-21 05:02:33'),
	(5, '3', '2023-05-21', '19:27:00', 7, '2023-05-21 05:27:05', '2023-05-21 05:27:05'),
	(6, '4', '2023-05-21', '21:28:00', 8, '2023-05-21 07:28:24', '2023-05-21 07:28:24'),
	(7, '5', '2023-05-21', '21:28:00', 9, '2023-05-21 07:29:14', '2023-05-21 07:29:14'),
	(8, '6', '2023-05-21', '21:30:00', 10, '2023-05-21 07:30:33', '2023-05-21 07:30:33'),
	(9, '7', '2023-05-21', '21:30:00', 11, '2023-05-21 07:30:58', '2023-05-21 07:30:58'),
	(10, '8', '2023-05-21', '21:30:00', 12, '2023-05-21 07:32:06', '2023-05-21 07:32:06'),
	(11, '9', '2023-05-21', '21:32:00', 13, '2023-05-21 07:32:44', '2023-05-21 07:32:44'),
	(12, '1', '2023-05-22', '10:21:00', 14, '2023-05-21 20:21:59', '2023-05-21 20:21:59'),
	(13, '2', '2023-05-22', '11:02:00', 15, '2023-05-21 21:02:48', '2023-05-21 21:02:48'),
	(14, '3', '2023-05-22', '14:48:00', 16, '2023-05-22 00:48:46', '2023-05-22 00:48:46'),
	(15, '1', '2023-05-24', '12:10:00', 17, '2023-05-23 22:10:44', '2023-05-23 22:10:44'),
	(16, '2', '2023-05-24', '13:16:00', 18, '2023-05-23 23:16:08', '2023-05-23 23:16:08'),
	(17, '3', '2023-05-24', '13:55:00', 19, '2023-05-23 23:56:07', '2023-05-23 23:56:07'),
	(18, '4', '2023-05-24', '14:09:00', 20, '2023-05-24 00:09:30', '2023-05-24 00:09:30'),
	(19, '1', '2023-06-30', '16:55:00', 21, '2023-06-30 09:55:47', '2023-06-30 09:55:47');

CREATE TABLE IF NOT EXISTS `atribut` (
  `id_atribut` int(5) NOT NULL,
  `atribut` varchar(30) NOT NULL,
  PRIMARY KEY (`id_atribut`)
) ENGINE=InnoDB DEFAULT CHARSET=utf8mb4;

INSERT INTO `atribut` (`id_atribut`, `atribut`) VALUES
	(104, 'IPK'),
	(105, 'Kompensasi'),
	(106, 'Total');

CREATE TABLE IF NOT EXISTS `data_bayis` (
  `id` bigint(20) unsigned NOT NULL AUTO_INCREMENT,
  `usia` int(11) NOT NULL,
  `berat_badan` double(8,2) NOT NULL,
  `panjang_badan` double(8,2) NOT NULL,
  `jenis_kelamin` varchar(255) COLLATE utf8mb4_unicode_ci NOT NULL,
  `status_gizi` varchar(255) COLLATE utf8mb4_unicode_ci NOT NULL,
  `created_at` timestamp NULL DEFAULT NULL,
  `updated_at` timestamp NULL DEFAULT NULL,
  PRIMARY KEY (`id`)
) ENGINE=InnoDB AUTO_INCREMENT=30 DEFAULT CHARSET=utf8mb4 COLLATE=utf8mb4_unicode_ci;

INSERT INTO `data_bayis` (`id`, `usia`, `berat_badan`, `panjang_badan`, `jenis_kelamin`, `status_gizi`, `created_at`, `updated_at`) VALUES
	(1, 2, 4.00, 11.20, 'Laki-laki', 'Gizi Rendah', '2023-07-02 08:05:31', '2023-07-02 08:05:31'),
	(2, 2, 3.00, 11.20, 'Laki-laki', 'Gizi Rendah', '2023-07-02 08:06:36', '2023-07-02 08:06:36'),
	(3, 2, 3.00, 3.00, 'Laki-laki', 'Gizi Rendah', '2023-07-02 08:06:46', '2023-07-02 08:06:46'),
	(4, 2, 3.00, 3.00, 'Laki-laki', 'Gizi Buruk', '2023-07-02 08:07:13', '2023-07-02 08:07:13'),
	(5, 2, 3.00, 3.00, 'Laki-laki', 'Gizi Buruk', '2023-07-02 08:08:38', '2023-07-02 08:08:38'),
	(6, 2, 4.30, 11.20, 'Laki-laki', 'Nilai tidak ditemukan', '2023-07-02 08:22:13', '2023-07-02 08:22:13'),
	(7, 7, 3.00, 3.00, 'Laki-laki', 'Gizi Buruk', '2023-07-02 08:32:51', '2023-07-02 08:32:51'),
	(8, 7, 10.00, 8.00, 'Laki-laki', 'Nilai tidak ditemukan', '2023-07-02 08:33:06', '2023-07-02 08:33:06'),
	(9, 6, 5.00, 6.00, 'Laki-laki', 'Normal', '2023-07-02 08:42:46', '2023-07-02 08:42:46'),
	(10, 2, 5.00, 6.00, 'Laki-laki', 'Normal', '2023-07-02 08:45:36', '2023-07-02 08:45:36'),
	(11, 2, 3.00, 3.00, 'Laki-laki', 'Gizi Buruk', '2023-07-02 08:45:48', '2023-07-02 08:45:48'),
	(12, 2, 5.20, 3.00, 'Laki-laki', 'Nilai tidak ditemukan', '2023-07-02 08:48:28', '2023-07-02 08:48:28'),
	(13, 2, 5.20, 3.00, 'Laki-laki', 'Nilai tidak ditemukan', '2023-07-02 08:48:46', '2023-07-02 08:48:46'),
	(14, 2, 5.20, 3.00, 'Laki-laki', 'Nilai tidak ditemukan', '2023-07-02 08:49:03', '2023-07-02 08:49:03'),
	(15, 2, 5.20, 3.00, 'Laki-laki', 'Nilai tidak ditemukan', '2023-07-02 08:53:49', '2023-07-02 08:53:49'),
	(16, 2, 5.20, 3.00, 'Laki-laki', 'Nilai tidak ditemukan', '2023-07-02 09:06:28', '2023-07-02 09:06:28'),
	(17, 6, 5.00, 5.00, 'Laki-laki', 'Normal', '2023-07-03 04:40:03', '2023-07-03 04:40:03'),
	(18, 6, 5.00, 5.00, 'Laki-laki', 'Normal', '2023-07-03 04:41:41', '2023-07-03 04:41:41'),
	(19, 6, 5.00, 5.00, 'Laki-laki', 'Normal', '2023-07-03 04:44:48', '2023-07-03 04:44:48'),
	(20, 6, 5.00, 5.00, 'Laki-laki', 'Normal', '2023-07-03 04:45:05', '2023-07-03 04:45:05'),
	(21, 6, 5.00, 5.00, 'Laki-laki', 'Normal', '2023-07-03 04:49:38', '2023-07-03 04:49:38'),
	(22, 2, 3.00, 3.00, 'Laki-laki', 'Nilai tidak ditemukan', '2023-07-03 04:49:51', '2023-07-03 04:49:51'),
	(23, 2, 4.00, 4.00, 'Laki-laki', 'Gizi Rendah', '2023-07-03 04:49:59', '2023-07-03 04:49:59'),
	(24, 2, 4.20, 2.20, 'Laki-laki', 'Nilai tidak ditemukan', '2023-07-03 04:51:04', '2023-07-03 04:51:04'),
	(25, 2, 5.20, 6.00, 'Laki-laki', 'Nilai tidak ditemukan', '2023-07-03 05:01:02', '2023-07-03 05:01:02'),
	(26, 6, 5.70, 60.20, 'Laki-laki', '', '2023-07-06 17:14:09', '2023-07-06 17:14:09'),
	(27, 2, 20.20, 20.20, 'Laki-laki', '', '2023-07-10 06:07:48', '2023-07-10 06:07:48'),
	(28, 3, 3.00, 3.00, 'Laki-laki', 'Nilai tidak ditemukan', '2023-07-10 07:18:24', '2023-07-10 07:18:24'),
	(29, 3, 10.40, 83.80, 'Laki-laki', '10.4', '2023-07-10 07:19:31', '2023-07-10 07:19:31');

CREATE TABLE IF NOT EXISTS `data_bayi_posyandus` (
  `id` bigint(20) unsigned NOT NULL AUTO_INCREMENT,
  `No` int(11) NOT NULL,
  `NIK` int(20) NOT NULL,
  `Nama_Anak` varchar(255) COLLATE utf8mb4_unicode_ci NOT NULL,
  `tgl_lahir` date NOT NULL,
  `Umur_Tahun` int(11) NOT NULL,
  `jenis_kelamin` varchar(255) COLLATE utf8mb4_unicode_ci NOT NULL,
  `Nama_Ortu` varchar(255) COLLATE utf8mb4_unicode_ci NOT NULL,
  `Nik_Ortu` int(11) NOT NULL,
  `No_Hp_Ortu` int(11) NOT NULL,
  `Pkm` varchar(255) COLLATE utf8mb4_unicode_ci NOT NULL,
  `Kelurahan` varchar(255) COLLATE utf8mb4_unicode_ci NOT NULL,
  `Rt` int(11) NOT NULL,
  `Rw` int(11) NOT NULL,
  `Alamat` varchar(255) COLLATE utf8mb4_unicode_ci NOT NULL,
  `Tgl_Ukur` date NOT NULL,
  `tinggi_badan` double(8,2) NOT NULL,
  `Cara_Ukur` varchar(255) COLLATE utf8mb4_unicode_ci NOT NULL,
  `Berat_Badan` double(8,2) NOT NULL,
  `Lila` double(8,2) NOT NULL,
  `Lingkar_kepala` double(8,2) NOT NULL,
  `Lingkar_Ukur` double(8,2) NOT NULL,
  `status_gizi` varchar(255) COLLATE utf8mb4_unicode_ci NOT NULL,
  `created_at` timestamp NULL DEFAULT NULL,
  `updated_at` timestamp NULL DEFAULT NULL,
  PRIMARY KEY (`id`)
) ENGINE=InnoDB DEFAULT CHARSET=utf8mb4 COLLATE=utf8mb4_unicode_ci;


CREATE TABLE IF NOT EXISTS `data_keputusan` (
  `id_data_keputusan` int(10) NOT NULL AUTO_INCREMENT,
  `id_rule` bigint(10) NOT NULL,
  `nim_mhs` bigint(10) NOT NULL,
  PRIMARY KEY (`id_data_keputusan`),
  KEY `id_rule` (`id_rule`),
  KEY `id_rule_2` (`id_rule`),
  KEY `nim_mhs` (`nim_mhs`),
  CONSTRAINT `data_keputusan_ibfk_3` FOREIGN KEY (`nim_mhs`) REFERENCES `data_mahasiswa` (`nim`),
  CONSTRAINT `data_keputusan_ibfk_4` FOREIGN KEY (`id_rule`) REFERENCES `rule_c45` (`id_rule_c45`)
) ENGINE=InnoDB DEFAULT CHARSET=utf8mb4;


CREATE TABLE IF NOT EXISTS `data_keputusan_kinerja` (
  `id_data_kinerja` int(10) NOT NULL,
  `id_rule_c45` int(5) NOT NULL,
  `nim` int(10) NOT NULL,
  `keputusan_asli` varchar(50) NOT NULL,
  `keputusan_c45` varchar(50) NOT NULL,
  PRIMARY KEY (`id_data_kinerja`),
  KEY `id_rule_c45` (`id_rule_c45`)
) ENGINE=InnoDB DEFAULT CHARSET=utf8mb4;


CREATE TABLE IF NOT EXISTS `data_mahasiswa` (
  `nim` bigint(10) NOT NULL,
  `nama_mahasiswa` varchar(34) DEFAULT NULL,
  `nilai_ipk` decimal(3,2) DEFAULT NULL,
  `kompensasi` int(5) DEFAULT NULL,
  `class` varchar(10) DEFAULT NULL,
  `status` varchar(20) NOT NULL,
  PRIMARY KEY (`nim`)
) ENGINE=InnoDB DEFAULT CHARSET=utf8;

INSERT INTO `data_mahasiswa` (`nim`, `nama_mahasiswa`, `nilai_ipk`, `kompensasi`, `class`, `status`) VALUES
	(4817070013, 'MUHAMMAD ADIPRAWIRA RUDIYAT', 3.24, 0, 'AKTIF', 'DATA TESTING'),
	(4817070022, 'FAZEL JUNIO PRIYADITAMA', 3.05, 2700, 'DO', 'DATA TRAINING'),
	(4817070023, 'ANIS SINTYA', 3.00, 350, 'AKTIF', 'DATA TRAINING'),
	(4817070039, 'BUDI HARTANTO', 3.45, 200, 'AKTIF', 'DATA TRAINING'),
	(4817070044, 'MUHAMMAD RAMDAN ANGGADIAKSA', 2.89, 2950, 'DO', 'DATA TRAINING'),
	(4817070045, 'REZA HARDIANSYAH', 3.75, 500, 'AKTIF', 'DATA TESTING'),
	(4817070053, 'MUHAMMAD RASHAD', 3.46, 0, 'AKTIF', 'DATA TESTING'),
	(4817070066, 'MUHAMMAD RIFKY HAIKAL', 3.74, 250, 'AKTIF', 'DATA TESTING'),
	(4817070067, 'ZAYN MALIK', 2.55, 500, 'AKTIF', 'DATA TESTING'),
	(4817070075, 'IRVAN LAZUARDI', 3.64, 0, 'AKTIF', 'DATA TRAINING'),
	(4817070078, 'NIAL HORAN', 3.65, 150, 'AKTIF', 'DATA TESTING'),
	(4817070083, 'CHANDRA SINUNGGALIH', 1.79, 12600, 'DO', 'DATA TRAINING'),
	(4817070097, 'IRVANSYAH MAULANA', 3.23, 0, 'AKTIF', 'DATA TRAINING'),
	(4817070108, 'NAUFAL ARIF WIDODO', 3.19, 900, 'AKTIF', 'DATA TESTING'),
	(4817070119, 'BONDAN SATRIO KUKUH DEWANTORO', 3.32, 1400, 'AKTIF', 'DATA TRAINING'),
	(4817070122, 'MUHAMMAD THORIQ', 3.82, 0, 'AKTIF', 'DATA TESTING'),
	(4817070131, 'DENNYS NABILLA KIRANA PUTRI', 3.43, 250, 'AKTIF', 'DATA TRAINING'),
	(4817070143, 'NOR HAFIZ', 3.14, 0, 'AKTIF', 'DATA TESTING'),
	(4817070152, 'DHIMAS BAGASKARA GIEN', 3.10, 9400, 'DO', 'DATA TRAINING'),
	(4817070161, 'M. RIPKI MUSTOPA', 3.60, 0, 'AKTIF', 'DATA TRAINING'),
	(4817070174, 'MOCHAMAD CHIKAL ULUNG PERKASA', 3.17, 2950, 'DO', 'DATA TRAINING'),
	(4817070183, 'NOVIA ARUM DEWANDARI', 3.48, 900, 'AKTIF', 'DATA TESTING'),
	(4817070196, 'IBNU HUMAJAH', 3.40, 7450, 'DO', 'DATA TRAINING'),
	(4817070213, 'SILVESTER SIMBOLON', 3.58, 900, 'AKTIF', 'DATA TESTING'),
	(4817070227, 'WIGATI WARIGALIT', 3.83, 6300, 'DO', 'DATA TESTING'),
	(4817070238, 'MUHAMMAD FITRAH ALGHIFFARI', 3.68, 2550, 'DO', 'DATA TRAINING'),
	(4817070249, 'ACHMAD RIZKY MAULUDI', 3.77, 0, 'AKTIF', 'DATA TRAINING'),
	(4817070252, 'ALYANI ZHAFARINA', 3.08, 2700, 'DO', 'DATA TRAINING'),
	(4817070261, 'FARHAN YUSUF JANO PUTRA', 3.46, 4500, 'DO', 'DATA TRAINING'),
	(4817070273, 'MIFTA M.K', 3.44, 1800, 'DO', 'DATA TRAINING'),
	(4817070282, 'AMJAD ALBERTAMA ALJAWAD', 3.54, 900, 'AKTIF', 'DATA TRAINING'),
	(4817070291, 'AIDA MAHMUDAH', 3.57, 0, 'AKTIF', 'DATA TRAINING'),
	(4817070304, 'MUHAMAD HAEKAL AINUN RAFI', 3.16, 900, 'AKTIF', 'DATA TRAINING'),
	(4817070313, 'REZA A.F', 3.44, 0, 'AKTIF', 'DATA TESTING'),
	(4817070326, 'FATMA', 3.44, 0, 'AKTIF', 'DATA TRAINING'),
	(4817070357, 'FADHIL BASKORO UTOMO', 3.14, 2125, 'DO', 'DATA TRAINING'),
	(4817070368, 'GILANG SEGARA BENING', 3.49, 50, 'AKTIF', 'DATA TRAINING'),
	(4817070379, 'FIKRI NURFADILLAH', 3.04, 3000, 'DO', 'DATA TRAINING'),
	(4817070382, 'RHEA DAVIN ADHISKARA', 3.54, 900, 'AKTIF', 'DATA TESTING'),
	(4817070391, 'MUHAMAD ARIJAL', 3.66, 2700, 'DO', 'DATA TRAINING'),
	(4817070403, 'AINUN YASSER YULIANTO', 3.95, 2050, 'DO', 'DATA TRAINING'),
	(4817070412, 'HAEKAL AKMAL TSAQIF', 3.27, 900, 'AKTIF', 'DATA TRAINING'),
	(4817070421, 'MUHAMMAD HIDAYAT', 3.84, 3800, 'DO', 'DATA TRAINING'),
	(4817070434, 'RIFQI NAUFAL HUWAIDI', 3.98, 1200, 'AKTIF', 'DATA TESTING'),
	(4817070443, 'HALIDZA ESFANDANIA  DAVISYA', 3.87, 300, 'AKTIF', 'DATA TRAINING'),
	(4817070456, 'HANA KHAIRUNISA', 3.37, 0, 'AKTIF', 'DATA TRAINING'),
	(4817070465, 'RYAN PALEVI ZAKARIA', 2.24, 2950, 'DO', 'DATA TESTING'),
	(4817070473, 'MUHAMMAD ILAUDDIN ZHAFRAN', 3.53, 1800, 'DO', 'DATA TRAINING'),
	(4817070487, 'FAHMIA AMELIA', 3.64, 1075, 'AKTIF', 'DATA TRAINING'),
	(4817070509, 'FATHAN JUNDI RABBANI', 3.96, 1825, 'DO', 'DATA TRAINING'),
	(4817070512, 'SULTAN MUHAMMAD DHIYA ULHAQ', 2.89, 4700, 'DO', 'DATA TESTING'),
	(4817070521, 'MUHAMMAD NAUFAL RIFQI', 3.03, 2725, 'AKTIF', 'DATA TESTING'),
	(4817070542, 'SUTAN DAFFA SATRIA HERTANTO', 3.65, 0, 'AKTIF', 'DATA TESTING'),
	(4817070564, 'HAYYU HUDOYO DWIPRADITYO', 3.47, 10000, 'DO', 'DATA TRAINING'),
	(4817070573, 'FINA SETIANINGRUM', 3.53, 0, 'AKTIF', 'DATA TRAINING'),
	(4817070586, 'TAUFIK MAULANA', 2.98, 7400, 'DO', 'DATA TESTING'),
	(4817070595, 'THALHAH AL FAYYADL', 3.06, 2700, 'DO', 'DATA TESTING'),
	(4817070603, 'YUDHA PAPUA SETYO ATMAJI', 1.86, 11050, 'DO', 'DATA TESTING'),
	(4817070617, 'ZAINUL ARIFIN', 1.78, 12600, 'DO', 'DATA TESTING'),
	(4817070639, 'KAISAR PAJAR OKTAVIANUS ENTIMAN', 3.15, 250, 'AKTIF', 'DATA TRAINING'),
	(4817070642, 'ALVIANA VINDA APRIYANI', 3.68, 900, 'AKTIF', 'DATA TRAINING'),
	(4817070651, 'MUHAMMAD RIFQI RABBANI', 1.99, 8350, 'DO', 'DATA TESTING'),
	(4817070663, 'HISANAH SALSABILA', 3.50, 50, 'AKTIF', 'DATA TRAINING'),
	(4817070672, 'HUBBAKA GHOYATI', 3.34, 2300, 'DO', 'DATA TRAINING'),
	(4817070681, 'AMIN NUGROHO', 3.93, 0, 'AKTIF', 'DATA TRAINING'),
	(4817070703, 'NARENDRA NUR WINAHYU', 3.41, 1800, 'DO', 'DATA TESTING'),
	(4817070716, 'LIDIA TRI JUNI', 3.02, 0, 'AKTIF', 'DATA TRAINING'),
	(4817070725, 'ILHAM SAIFUL AZIS', 3.41, 3650, 'DO', 'DATA TRAINING'),
	(4817070747, 'AHMAD FARID MUHARRAM', 3.12, 1800, 'DO', 'DATA TRAINING'),
	(4817070758, 'IRFAN EVANDIO', 3.24, 4500, 'DO', 'DATA TRAINING'),
	(4817070769, 'MOCHAMAD RAFLI NURFAUZAN', 3.83, 2075, 'DO', 'DATA TRAINING'),
	(4817070772, 'ANREL PUTRA', 3.77, 250, 'AKTIF', 'DATA TRAINING'),
	(4817070781, 'ANDI NAUFAL SALSABILA', 3.63, 0, 'AKTIF', 'DATA TRAINING'),
	(4817070793, 'ARFIYANTO BISMANTORO', 3.77, 1800, 'DO', 'DATA TRAINING'),
	(4817070802, 'MUHAMAD NAHROWI', 3.62, 0, 'AKTIF', 'DATA TESTING'),
	(4817070811, 'MUHAMMAD RADEN NAUFAL SUHENDI', 1.97, 9250, 'DO', 'DATA TRAINING'),
	(4817070824, 'ANISA RAHMAWATI', 3.36, 2700, 'DO', 'DATA TRAINING'),
	(4817070833, 'IRWANDI', 3.49, 0, 'AKTIF', 'DATA TRAINING'),
	(4817070846, 'EDON SIMON HARIANJA', 3.77, 0, 'AKTIF', 'DATA TRAINING'),
	(4817070855, 'BANGKIT AMSAL SULAEMAN GULTOM', 3.99, 1075, 'AKTIF', 'DATA TRAINING'),
	(4817070863, 'MUHAMMAD RASHYID MISHBAHUDDIN', 3.93, 900, 'AKTIF', 'DATA TESTING'),
	(4817070877, 'ARDHELIA ERWANDA', 3.79, 900, 'AKTIF', 'DATA TRAINING'),
	(4817070899, 'ARGYA HERIANTO PUTRA', 3.35, 0, 'AKTIF', 'DATA TRAINING'),
	(4817070902, 'ARIO SUTRISNO', 3.97, 1150, 'AKTIF', 'DATA TRAINING'),
	(4817070911, 'PANJI DWIJO SUKARNO', 3.96, 900, 'AKTIF', 'DATA TESTING'),
	(4817070923, 'BISMA KEMAL HERLAMBANG', 3.38, 900, 'AKTIF', 'DATA TRAINING'),
	(4817070932, 'CINDI WIDARINI', 3.74, 0, 'AKTIF', 'DATA TRAINING'),
	(4817070941, 'ITA AUGUSTINA TARIGAN', 3.15, 1825, 'DO', 'DATA TRAINING'),
	(4817070954, 'DENDY MUHAMMAD ALFAREZ', 3.46, 1800, 'DO', 'DATA TRAINING'),
	(4817070973, 'DAFFA MUHAMAD ALMEYDA', 3.16, 1800, 'DO', 'DATA TRAINING'),
	(4817070982, 'DAFFA SHIDIQI', 3.23, 14850, 'DO', 'DATA TRAINING'),
	(4817070991, 'MUHAMMAD RIDHO PANGESTU', 3.95, 5175, 'DO', 'DATA TRAINING'),
	(4817071004, 'FADHYL PRAMADIPTA', 3.12, 0, 'AKTIF', 'DATA TRAINING'),
	(4817071013, 'LAILA LUTFIAH', 3.63, 0, 'AKTIF', 'DATA TRAINING'),
	(4817071026, 'LAILATUL FITRI', 3.20, 0, 'AKTIF', 'DATA TRAINING'),
	(4817071035, 'MOHAMMAD ARIQ MAULANA RAMDHANI', 3.42, 250, 'AKTIF', 'DATA TRAINING'),
	(4817071043, 'MUH. IWAN ULINUHA', 3.48, 900, 'AKTIF', 'DATA TRAINING'),
	(4817071057, 'MUHAMMAD IMAM FAROUQI', 3.93, 2700, 'DO', 'DATA TRAINING'),
	(4817071068, 'FERRIAN REDHIA PRATAMA', 3.66, 1800, 'DO', 'DATA TRAINING'),
	(4817071079, 'DIANA ANGGRAINI', 3.99, 0, 'AKTIF', 'DATA TRAINING'),
	(4817071082, 'ELGAMES AGUSTIMAN', 3.82, 10450, 'DO', 'DATA TRAINING'),
	(4817071091, 'FAHRINI AYUSATIA KUSUMA', 3.53, 0, 'AKTIF', 'DATA TRAINING'),
	(4817071103, 'PHIEDO RACHMADIAN YUSFENDRI', 3.10, 925, 'AKTIF', 'DATA TESTING'),
	(4817071112, 'GIOVANDY ELDIES', 3.13, 0, 'AKTIF', 'DATA TRAINING'),
	(4817071121, 'NADIA NOOR NASHITA', 3.80, 250, 'AKTIF', 'DATA TESTING'),
	(4817071134, 'PRABOWO CHANDRA DHINATA', 3.37, 900, 'AKTIF', 'DATA TESTING'),
	(4817071143, 'MARYAM HAFIIZHATUL KARIIMAH', 3.36, 0, 'AKTIF', 'DATA TRAINING'),
	(4817071173, 'MUHAMMAD KEISHA BANGSAWAN PUTRANTA', 3.00, 0, 'AKTIF', 'DATA TESTING'),
	(4817071187, 'RIZKY EKA PAMBUDI', 3.55, 2950, 'DO', 'DATA TESTING'),
	(4817071209, 'MIFTA CAHYA ANGGRAINI', 3.85, 0, 'AKTIF', 'DATA TRAINING'),
	(4817071221, 'SANDRO HAMONANGAN', 1.89, 3850, 'DO', 'DATA TESTING'),
	(4817071251, 'PUTRA PADILAH', 3.30, 1800, 'DO', 'DATA TESTING'),
	(4817071264, 'AFI AL FAHRIZ', 3.23, 900, 'AKTIF', 'DATA TRAINING'),
	(4817071286, 'RAFIALDY CAKRA MUSSAFA', 3.66, 3850, 'DO', 'DATA TESTING'),
	(4817071295, 'AHMAD ALDIEN NURRACHMAN', 3.59, 900, 'AKTIF', 'DATA TRAINING'),
	(4817071317, 'RAIHAN AGRO LESTARI', 4.00, 0, 'AKTIF', 'DATA TESTING'),
	(4817071339, 'REVA HINDAMI FARIZI', 3.12, 500, 'AKTIF', 'DATA TESTING'),
	(4817071342, 'WAHYU MULYADI', 3.48, 0, 'AKTIF', 'DATA TESTING'),
	(4817071351, 'MIFTA RAMADHANTY', 3.72, 0, 'AKTIF', 'DATA TRAINING'),
	(4817071363, 'MUHAMMAD ALFIS RAMADHAN', 3.55, 2050, 'DO', 'DATA TRAINING'),
	(4817071372, 'MUHAMMAD IQBAL', 3.60, 250, 'AKTIF', 'DATA TESTING'),
	(4817071381, 'HANIFAH ZAHRO', 4.00, 0, 'AKTIF', 'DATA TRAINING'),
	(4817071394, 'HASANAH NUSA AN NAFI', 3.94, 0, 'AKTIF', 'DATA TRAINING'),
	(4817071403, 'ALDYANSYAH CHANDRA', 3.93, 0, 'AKTIF', 'DATA TRAINING'),
	(4817071416, 'YUSUF NURUL IZZAH', 3.85, 1800, 'DO', 'DATA TESTING'),
	(4817071425, 'ALIA ISMAYANTI', 3.82, 0, 'AKTIF', 'DATA TRAINING'),
	(4817071433, 'LUTHFIA NABILLA AFRA', 3.55, 1800, 'DO', 'DATA TRAINING'),
	(4817071447, 'DANIA AL AZRI MUSYAFIRA', 3.44, 0, 'AKTIF', 'DATA TRAINING'),
	(4817071458, 'ARI RAMADHAN', 3.20, 900, 'AKTIF', 'DATA TRAINING'),
	(4817071469, 'KALVIAN DI CAHYO', 3.20, 1150, 'AKTIF', 'DATA TRAINING'),
	(4817071474, 'FARAH IMANIAR RETTYANA', 3.17, 0, 'AKTIF', 'DATA TRAINING'),
	(4817071483, 'PRIMA AGHNIA ADIYATI', 3.07, 6550, 'DO', 'DATA TESTING'),
	(4817071496, 'MELENIA WINDA SARI', 3.15, 0, 'AKTIF', 'DATA TRAINING'),
	(4817071505, 'ZULIAN ZAM ZAM', 3.36, 2700, 'DO', 'DATA TESTING'),
	(4817071668, 'AHLUL ALMUSTAQFIRI', 1.87, 2950, 'DO', 'DATA TRAINING'),
	(4817071831, 'AHMAD FAUZAN NAJY', 3.45, 0, 'AKTIF', 'DATA TRAINING'),
	(4817071994, 'AMOS CHRIST KEVIN', 3.56, 0, 'AKTIF', 'DATA TRAINING'),
	(4817072157, 'ARYA FIKRYHUDA NURFATRIA', 2.95, 1400, 'AKTIF', 'DATA TRAINING'),
	(4817072320, 'DWI LUSIANA RAHAYU', 3.22, 1150, 'AKTIF', 'DATA TRAINING'),
	(4817072483, 'ADAM NIZAM KUSMARA', 3.23, 1150, 'AKTIF', 'DATA TRAINING'),
	(4817072646, 'DIKA ARRODU', 1.86, 1825, 'DO', 'DATA TRAINING'),
	(4817072809, 'FAJAR HADID ARIZAL', 3.32, 1050, 'AKTIF', 'DATA TRAINING'),
	(4817072819, 'HAMZAH TSABATUL AQDAM', 3.42, 900, 'AKTIF', 'DATA TRAINING');

CREATE TABLE IF NOT EXISTS `decision_tree_data` (
  `id` bigint(20) unsigned NOT NULL AUTO_INCREMENT,
  `attribute` varchar(255) COLLATE utf8mb4_unicode_ci NOT NULL,
  `entropy` double(8,2) NOT NULL,
  `gain` double(8,2) DEFAULT NULL,
  `created_at` timestamp NULL DEFAULT NULL,
  `updated_at` timestamp NULL DEFAULT NULL,
  PRIMARY KEY (`id`)
) ENGINE=InnoDB AUTO_INCREMENT=35 DEFAULT CHARSET=utf8mb4 COLLATE=utf8mb4_unicode_ci;

INSERT INTO `decision_tree_data` (`id`, `attribute`, `entropy`, `gain`, `created_at`, `updated_at`) VALUES
	(1, 'status_gizi', 1.58, 0.00, '2023-07-03 04:41:40', '2023-07-10 06:08:03'),
	(2, 'status_gizi', 0.00, 0.00, '2023-07-03 04:41:40', '2023-07-10 06:08:03'),
	(3, 'status_gizi', 0.00, 0.00, '2023-07-03 04:41:40', '2023-07-10 06:08:03'),
	(4, 'status_gizi', 0.00, 0.00, '2023-07-03 04:41:40', '2023-07-10 06:08:03'),
	(5, 'status_gizi', 1.58, 0.00, '2023-07-03 04:41:40', '2023-07-10 06:08:03'),
	(6, 'status_gizi', 0.00, 0.00, '2023-07-03 04:41:40', '2023-07-10 06:08:03'),
	(7, 'status_gizi', 0.00, 0.00, '2023-07-03 04:41:40', '2023-07-10 06:08:03'),
	(8, 'status_gizi', 0.00, 0.00, '2023-07-03 04:41:40', '2023-07-10 06:08:03'),
	(9, 'status_gizi', 1.58, 0.00, '2023-07-03 04:41:40', '2023-07-10 06:08:03'),
	(10, 'status_gizi', 1.58, 0.00, '2023-07-03 04:41:40', '2023-07-10 06:08:03'),
	(11, 'status_gizi', 1.58, 0.00, '2023-07-03 04:41:40', '2023-07-10 06:08:03'),
	(12, 'status_gizi', 1.58, 0.00, '2023-07-03 04:41:40', '2023-07-10 06:08:03'),
	(13, 'status_gizi', 0.00, 0.00, '2023-07-03 04:41:40', '2023-07-10 06:08:03'),
	(14, 'status_gizi', 0.00, 0.00, '2023-07-03 04:41:40', '2023-07-10 06:08:03'),
	(15, 'status_gizi', 0.00, 0.00, '2023-07-03 04:41:40', '2023-07-10 06:08:03'),
	(16, 'status_gizi', 1.58, 0.00, '2023-07-03 04:41:40', '2023-07-10 06:08:03'),
	(17, 'status_gizi', 1.58, 0.00, '2023-07-03 04:41:40', '2023-07-10 06:08:03'),
	(18, 'status_gizi', 0.00, 0.00, '2023-07-03 04:41:40', '2023-07-10 06:08:03'),
	(19, 'status_gizi', 0.00, 0.00, '2023-07-03 04:41:40', '2023-07-10 06:08:03'),
	(20, 'status_gizi', 0.00, 0.00, '2023-07-03 04:41:40', '2023-07-10 06:08:03'),
	(21, 'status_gizi', 1.58, 0.00, '2023-07-03 04:41:41', '2023-07-10 06:08:03'),
	(22, 'status_gizi', 1.58, 0.00, '2023-07-03 04:41:41', '2023-07-10 06:08:03'),
	(23, 'status_gizi', 1.58, 0.00, '2023-07-03 04:41:41', '2023-07-10 06:08:03'),
	(24, 'status_gizi', 1.58, 0.00, '2023-07-03 04:44:48', '2023-07-10 06:08:03'),
	(25, 'status_gizi', 1.58, 0.00, '2023-07-03 04:45:05', '2023-07-10 06:08:03'),
	(26, 'status_gizi', 1.58, 0.00, '2023-07-03 04:49:38', '2023-07-10 06:08:03'),
	(27, 'status_gizi', 1.58, 0.00, '2023-07-03 04:49:51', '2023-07-10 06:08:03'),
	(28, 'status_gizi', 1.58, 0.00, '2023-07-03 04:49:59', '2023-07-10 06:08:03'),
	(29, 'status_gizi', 1.58, 0.00, '2023-07-03 04:51:04', '2023-07-10 06:08:03'),
	(30, 'status_gizi', 1.58, 0.00, '2023-07-03 05:01:02', '2023-07-10 06:08:03'),
	(31, 'status_gizi', 0.00, 0.00, '2023-07-06 17:14:09', '2023-07-10 06:08:03'),
	(32, 'status_gizi', 0.00, 0.00, '2023-07-10 06:03:58', '2023-07-10 06:08:03'),
	(33, 'status_gizi', 0.00, 0.00, '2023-07-10 06:06:03', '2023-07-10 06:08:03'),
	(34, 'status_gizi', 0.00, 0.00, '2023-07-10 06:07:48', '2023-07-10 06:08:03');

CREATE TABLE IF NOT EXISTS `detail_tindakan_medis` (
  `id` bigint(20) unsigned NOT NULL AUTO_INCREMENT,
  `id_tindakan_medis` varchar(255) COLLATE utf8mb4_unicode_ci NOT NULL,
  `id_obat` bigint(20) unsigned NOT NULL,
  PRIMARY KEY (`id`),
  KEY `detail_tindakan_medis_id_tindakan_medis_foreign` (`id_tindakan_medis`),
  KEY `detail_tindakan_medis_id_obat_foreign` (`id_obat`),
  CONSTRAINT `detail_tindakan_medis_id_obat_foreign` FOREIGN KEY (`id_obat`) REFERENCES `obats` (`id_obat`) ON DELETE CASCADE,
  CONSTRAINT `detail_tindakan_medis_id_tindakan_medis_foreign` FOREIGN KEY (`id_tindakan_medis`) REFERENCES `tindakan_medis` (`id_tindakan_medis`) ON DELETE CASCADE
) ENGINE=InnoDB AUTO_INCREMENT=21 DEFAULT CHARSET=utf8mb4 COLLATE=utf8mb4_unicode_ci;

INSERT INTO `detail_tindakan_medis` (`id`, `id_tindakan_medis`, `id_obat`) VALUES
	(1, 'TM001', 1),
	(2, 'TM001', 2),
	(3, 'TM002', 1),
	(4, 'TM002', 2);

CREATE TABLE IF NOT EXISTS `failed_jobs` (
  `id` bigint(20) unsigned NOT NULL AUTO_INCREMENT,
  `uuid` varchar(255) COLLATE utf8mb4_unicode_ci NOT NULL,
  `connection` text COLLATE utf8mb4_unicode_ci NOT NULL,
  `queue` text COLLATE utf8mb4_unicode_ci NOT NULL,
  `payload` longtext COLLATE utf8mb4_unicode_ci NOT NULL,
  `exception` longtext COLLATE utf8mb4_unicode_ci NOT NULL,
  `failed_at` timestamp NOT NULL DEFAULT current_timestamp(),
  PRIMARY KEY (`id`),
  UNIQUE KEY `failed_jobs_uuid_unique` (`uuid`)
) ENGINE=InnoDB DEFAULT CHARSET=utf8mb4 COLLATE=utf8mb4_unicode_ci;


CREATE TABLE IF NOT EXISTS `gizi_bayi` (
  `id` bigint(20) unsigned NOT NULL AUTO_INCREMENT,
  `berat_badan` varchar(50) COLLATE utf8mb4_unicode_ci NOT NULL DEFAULT '0',
  `Keterangan_berat_badan` varchar(50) COLLATE utf8mb4_unicode_ci DEFAULT NULL,
  `Keterangan_umur_berat_badan` varchar(50) COLLATE utf8mb4_unicode_ci DEFAULT NULL,
  `Jenis_kelamin_berat_badan` varchar(50) COLLATE utf8mb4_unicode_ci DEFAULT NULL,
  `panjang_badan` varchar(50) COLLATE utf8mb4_unicode_ci NOT NULL DEFAULT '0',
  `keterangan_panjang_badan` varchar(50) COLLATE utf8mb4_unicode_ci NOT NULL DEFAULT '',
  `jenis_kelamin_panjang_badan` varchar(255) COLLATE utf8mb4_unicode_ci NOT NULL,
  `keterangan_umur_panjang_badan` varchar(255) COLLATE utf8mb4_unicode_ci NOT NULL,
  `status_gizi` varchar(255) COLLATE utf8mb4_unicode_ci NOT NULL,
  `created_at` timestamp NULL DEFAULT NULL,
  `updated_at` timestamp NULL DEFAULT NULL,
  PRIMARY KEY (`id`)
) ENGINE=InnoDB AUTO_INCREMENT=488 DEFAULT CHARSET=utf8mb4 COLLATE=utf8mb4_unicode_ci;

INSERT INTO `gizi_bayi` (`id`, `berat_badan`, `Keterangan_berat_badan`, `Keterangan_umur_berat_badan`, `Jenis_kelamin_berat_badan`, `panjang_badan`, `keterangan_panjang_badan`, `jenis_kelamin_panjang_badan`, `keterangan_umur_panjang_badan`, `status_gizi`, `created_at`, `updated_at`) VALUES
	(1, '3.4', 'BB Sangat Kurang', '1', ' LAKI-LAKI', '48.9', 'SANGAT PENDEK', 'LAKI-LAKI', '1\r', '', NULL, NULL),
	(2, '4.3', 'BB Sangat Kurang', '2', ' LAKI-LAKI', '52.4', 'SANGAT PENDEK', 'LAKI-LAKI', '2\r', '', NULL, NULL),
	(3, '5', 'BB Sangat Kurang', '3', ' LAKI-LAKI', '55.3', 'SANGAT PENDEK', 'LAKI-LAKI', '3\r', '', NULL, NULL),
	(4, '5.6', 'BB Sangat Kurang', '4', ' LAKI-LAKI', '57.6', 'SANGAT PENDEK', 'LAKI-LAKI', '4\r', '', NULL, NULL),
	(5, '6', 'BB Sangat Kurang', '5', ' LAKI-LAKI', '59.6', 'SANGAT PENDEK', 'LAKI-LAKI', '5\r', '', NULL, NULL),
	(6, '6.4', 'BB Sangat Kurang', '6', ' LAKI-LAKI', '61.2', 'SANGAT PENDEK', 'LAKI-LAKI', '6\r', '', NULL, NULL),
	(7, '6.7', 'BB Sangat Kurang', '7', ' LAKI-LAKI', '62.7', 'SANGAT PENDEK', 'LAKI-LAKI', '7\r', '', NULL, NULL),
	(8, '6.9', 'BB Sangat Kurang', '8', ' LAKI-LAKI', '64', 'SANGAT PENDEK', 'LAKI-LAKI', '8\r', '', NULL, NULL),
	(9, '7.1', 'BB Sangat Kurang', '9', ' LAKI-LAKI', '65.2', 'SANGAT PENDEK', 'LAKI-LAKI', '9\r', '', NULL, NULL),
	(10, '7.4', 'BB Sangat Kurang', '10', ' LAKI-LAKI', '66.4', 'SANGAT PENDEK', 'LAKI-LAKI', '10\r', '', NULL, NULL),
	(11, '7.6', 'BB Sangat Kurang', '11', ' LAKI-LAKI', '67.6', 'SANGAT PENDEK', 'LAKI-LAKI', '11\r', '', NULL, NULL),
	(12, '7.7', 'BB Sangat Kurang', '12', ' LAKI-LAKI', '68.6', 'SANGAT PENDEK', 'LAKI-LAKI', '12\r', '', NULL, NULL),
	(13, '7.9', 'BB Sangat Kurang', '13', ' LAKI-LAKI', '69.6', 'SANGAT PENDEK', 'LAKI-LAKI', '13\r', '', NULL, NULL),
	(14, '8.1', 'BB Sangat Kurang', '14', ' LAKI-LAKI', '70.6', 'SANGAT PENDEK', 'LAKI-LAKI', '14\r', '', NULL, NULL),
	(15, '8.3', 'BB Sangat Kurang', '15', ' LAKI-LAKI', '71.6', 'SANGAT PENDEK', 'LAKI-LAKI', '15\r', '', NULL, NULL),
	(16, '8.4', 'BB Sangat Kurang', '16', ' LAKI-LAKI', '72.5', 'SANGAT PENDEK', 'LAKI-LAKI', '16\r', '', NULL, NULL),
	(17, '8.6', 'BB Sangat Kurang', '17', ' LAKI-LAKI', '73.3', 'SANGAT PENDEK', 'LAKI-LAKI', '17\r', '', NULL, NULL),
	(18, '8.8', 'BB Sangat Kurang', '18', ' LAKI-LAKI', '74.2', 'SANGAT PENDEK', 'LAKI-LAKI', '18\r', '', NULL, NULL),
	(19, '8.9', 'BB Sangat Kurang', '19', ' LAKI-LAKI', '75', 'SANGAT PENDEK', 'LAKI-LAKI', '19\r', '', NULL, NULL),
	(20, '9.1', 'BB Sangat Kurang', '20', ' LAKI-LAKI', '75.8', 'SANGAT PENDEK', 'LAKI-LAKI', '20\r', '', NULL, NULL),
	(21, '9.2', 'BB Sangat Kurang', '21', ' LAKI-LAKI', '76.5', 'SANGAT PENDEK', 'LAKI-LAKI', '21\r', '', NULL, NULL),
	(22, '9.4', 'BB Sangat Kurang', '22', ' LAKI-LAKI', '77.2', 'SANGAT PENDEK', 'LAKI-LAKI', '22\r', '', NULL, NULL),
	(23, '9.5', 'BB Sangat Kurang', '23', ' LAKI-LAKI', '78', 'SANGAT PENDEK', 'LAKI-LAKI', '23\r', '', NULL, NULL),
	(24, '9.7', 'BB Sangat Kurang', '24', ' LAKI-LAKI', '78.7', 'SANGAT PENDEK', 'LAKI-LAKI', '24\r', '', NULL, NULL),
	(25, '9.8', 'BB Sangat Kurang', '25', ' LAKI-LAKI', '44.2', 'SANGAT PENDEK', 'PEREMPUAN', '0\r', '', NULL, NULL),
	(26, '10', 'BB Sangat Kurang', '26', ' LAKI-LAKI', '48.9', 'SANGAT PENDEK', 'PEREMPUAN', '1\r', '', NULL, NULL),
	(27, '10.1', 'BB Sangat Kurang', '27', ' LAKI-LAKI', '52.4', 'SANGAT PENDEK', 'PEREMPUAN', '2\r', '', NULL, NULL),
	(28, '10.2', 'BB Sangat Kurang', '28', ' LAKI-LAKI', '55.3', 'SANGAT PENDEK', 'PEREMPUAN', '3\r', '', NULL, NULL),
	(29, '10.4', 'BB Sangat Kurang', '29', ' LAKI-LAKI', '57.6', 'SANGAT PENDEK', 'PEREMPUAN', '4\r', '', NULL, NULL),
	(30, '10.5', 'BB Sangat Kurang', '30', ' LAKI-LAKI', '59.6', 'SANGAT PENDEK', 'PEREMPUAN', '5\r', '', NULL, NULL),
	(31, '10.7', 'BB Sangat Kurang', '31', ' LAKI-LAKI', '61.2', 'SANGAT PENDEK', 'PEREMPUAN', '6\r', '', NULL, NULL),
	(32, '10.8', 'BB Sangat Kurang', '32', ' LAKI-LAKI', '62.7', 'SANGAT PENDEK', 'PEREMPUAN', '7\r', '', NULL, NULL),
	(33, '10.9', 'BB Sangat Kurang', '33', ' LAKI-LAKI', '64', 'SANGAT PENDEK', 'PEREMPUAN', '8\r', '', NULL, NULL),
	(34, '11', 'BB Sangat Kurang', '34', ' LAKI-LAKI', '65.2', 'SANGAT PENDEK', 'PEREMPUAN', '9\r', '', NULL, NULL),
	(35, '11.2', 'BB Sangat Kurang', '35', ' LAKI-LAKI', '66.4', 'SANGAT PENDEK', 'PEREMPUAN', '10\r', '', NULL, NULL),
	(36, '11.3', 'BB Sangat Kurang', '36', ' LAKI-LAKI', '67.6', 'SANGAT PENDEK', 'PEREMPUAN', '11\r', '', NULL, NULL),
	(37, '11.4', 'BB Sangat Kurang', '37', ' LAKI-LAKI', '68.6', 'SANGAT PENDEK', 'PEREMPUAN', '12\r', '', NULL, NULL),
	(38, '11.5', 'BB Sangat Kurang', '38', ' LAKI-LAKI', '69.6', 'SANGAT PENDEK', 'PEREMPUAN', '13\r', '', NULL, NULL),
	(39, '11.6', 'BB Sangat Kurang', '39', ' LAKI-LAKI', '70.6', 'SANGAT PENDEK', 'PEREMPUAN', '14\r', '', NULL, NULL),
	(40, '11.8', 'BB Sangat Kurang', '40', ' LAKI-LAKI', '71.6', 'SANGAT PENDEK', 'PEREMPUAN', '15\r', '', NULL, NULL),
	(41, '11.9', 'BB Sangat Kurang', '41', ' LAKI-LAKI', '72.5', 'SANGAT PENDEK', 'PEREMPUAN', '16\r', '', NULL, NULL),
	(42, '12', 'BB Sangat Kurang', '42', ' LAKI-LAKI', '73.3', 'SANGAT PENDEK', 'PEREMPUAN', '17\r', '', NULL, NULL),
	(43, '12.1', 'BB Sangat Kurang', '43', ' LAKI-LAKI', '74.2', 'SANGAT PENDEK', 'PEREMPUAN', '18\r', '', NULL, NULL),
	(44, '12.2', 'BB Sangat Kurang', '44', ' LAKI-LAKI', '75', 'SANGAT PENDEK', 'PEREMPUAN', '19\r', '', NULL, NULL),
	(45, '12.4', 'BB Sangat Kurang', '45', ' LAKI-LAKI', '75.8', 'SANGAT PENDEK', 'PEREMPUAN', '20\r', '', NULL, NULL),
	(46, '12.5', 'BB Sangat Kurang', '46', ' LAKI-LAKI', '76.5', 'SANGAT PENDEK', 'PEREMPUAN', '21\r', '', NULL, NULL),
	(47, '12.6', 'BB Sangat Kurang', '47', ' LAKI-LAKI', '77.2', 'SANGAT PENDEK', 'PEREMPUAN', '22\r', '', NULL, NULL),
	(48, '12.7', 'BB Sangat Kurang', '48', ' LAKI-LAKI', '78', 'SANGAT PENDEK', 'PEREMPUAN', '23\r', '', NULL, NULL),
	(49, '12.8', 'BB Sangat Kurang', '49', ' LAKI-LAKI', '78.7', 'SANGAT PENDEK', 'PEREMPUAN', '24\r', '', NULL, NULL),
	(50, '12.9', 'BB Sangat Kurang', '50', ' LAKI-LAKI', '46.1', 'PENDEK', 'LAKI-LAKI', '0\r', '', NULL, NULL),
	(51, '13.1', 'BB Sangat Kurang', '51', ' LAKI-LAKI', '50.8', 'PENDEK', 'LAKI-LAKI', '1\r', '', NULL, NULL),
	(52, '13.2', 'BB Sangat Kurang', '52', ' LAKI-LAKI', '54.4', 'PENDEK', 'LAKI-LAKI', '2\r', '', NULL, NULL),
	(53, '13.3', 'BB Sangat Kurang', '53', ' LAKI-LAKI', '57.3', 'PENDEK', 'LAKI-LAKI', '3\r', '', NULL, NULL),
	(54, '13.4', 'BB Sangat Kurang', '54', ' LAKI-LAKI', '59.7', 'PENDEK', 'LAKI-LAKI', '4\r', '', NULL, NULL),
	(55, '13.5', 'BB Sangat Kurang', '55', ' LAKI-LAKI', '61.7', 'PENDEK', 'LAKI-LAKI', '5\r', '', NULL, NULL),
	(56, '13.6', 'BB Sangat Kurang', '56', ' LAKI-LAKI', '63.3', 'PENDEK', 'LAKI-LAKI', '6\r', '', NULL, NULL),
	(57, '13.7', 'BB Sangat Kurang', '57', ' LAKI-LAKI', '64.8', 'PENDEK', 'LAKI-LAKI', '7\r', '', NULL, NULL),
	(58, '13.8', 'BB Sangat Kurang', '58', ' LAKI-LAKI', '66.2', 'PENDEK', 'LAKI-LAKI', '8\r', '', NULL, NULL),
	(59, '14', 'BB Sangat Kurang', '59', ' LAKI-LAKI', '67.5', 'PENDEK', 'LAKI-LAKI', '9\r', '', NULL, NULL),
	(60, '14.1', 'BB Sangat Kurang', '60', ' LAKI-LAKI', '68.7', 'PENDEK', 'LAKI-LAKI', '10\r', '', NULL, NULL),
	(61, '2.9', 'BB Kurang', '0', ' LAKI-LAKI', '69.9', 'PENDEK', 'LAKI-LAKI', '11\r', '', NULL, NULL),
	(62, '3.9', 'BB Kurang', '1', ' LAKI-LAKI', '71', 'PENDEK', 'LAKI-LAKI', '12\r', '', NULL, NULL),
	(63, '4.9', 'BB Kurang', '2', ' LAKI-LAKI', '72.1', 'PENDEK', 'LAKI-LAKI', '13\r', '', NULL, NULL),
	(64, '5.7', 'BB Kurang', '3', ' LAKI-LAKI', '73.1', 'PENDEK', 'LAKI-LAKI', '14\r', '', NULL, NULL),
	(65, '6.2', 'BB Kurang', '4', ' LAKI-LAKI', '74.1', 'PENDEK', 'LAKI-LAKI', '15\r', '', NULL, NULL),
	(66, '6.7', 'BB Kurang', '5', ' LAKI-LAKI', '75', 'PENDEK', 'LAKI-LAKI', '16\r', '', NULL, NULL),
	(67, '7.1', 'BB Kurang', '6', ' LAKI-LAKI', '76', 'PENDEK', 'LAKI-LAKI', '17\r', '', NULL, NULL),
	(68, '7.4', 'BB Kurang', '7', ' LAKI-LAKI', '76.9', 'PENDEK', 'LAKI-LAKI', '18\r', '', NULL, NULL),
	(69, '7.7', 'BB Kurang', '8', ' LAKI-LAKI', '77.7', 'PENDEK', 'LAKI-LAKI', '19\r', '', NULL, NULL),
	(70, '8', 'BB Kurang', '9', ' LAKI-LAKI', '78.6', 'PENDEK', 'LAKI-LAKI', '20\r', '', NULL, NULL),
	(71, '8.2', 'BB Kurang', '10', ' LAKI-LAKI', '79.4', 'PENDEK', 'LAKI-LAKI', '21\r', '', NULL, NULL),
	(72, '8.4', 'BB Kurang', '11', ' LAKI-LAKI', '80.2', 'PENDEK', 'LAKI-LAKI', '22\r', '', NULL, NULL),
	(73, '8.6', 'BB Kurang', '12', ' LAKI-LAKI', '81', 'PENDEK', 'LAKI-LAKI', '23\r', '', NULL, NULL),
	(74, '8.8', 'BB Kurang', '13', ' LAKI-LAKI', '81.7', 'PENDEK', 'LAKI-LAKI', '24\r', '', NULL, NULL),
	(75, '9', 'BB Kurang', '14', ' LAKI-LAKI', '46.1', 'PENDEK', 'PEREMPUAN', '0\r', '', NULL, NULL),
	(76, '9.2', 'BB Kurang', '15', ' LAKI-LAKI', '50.8', 'PENDEK', 'PEREMPUAN', '1\r', '', NULL, NULL),
	(77, '9.4', 'BB Kurang', '16', ' LAKI-LAKI', '54.4', 'PENDEK', 'PEREMPUAN', '2\r', '', NULL, NULL),
	(78, '9.6', 'BB Kurang', '17', ' LAKI-LAKI', '57.3', 'PENDEK', 'PEREMPUAN', '3\r', '', NULL, NULL),
	(79, '9.8', 'BB Kurang', '18', ' LAKI-LAKI', '59.7', 'PENDEK', 'PEREMPUAN', '4\r', '', NULL, NULL),
	(80, '10', 'BB Kurang', '19', ' LAKI-LAKI', '61.7', 'PENDEK', 'PEREMPUAN', '5\r', '', NULL, NULL),
	(81, '10.1', 'BB Kurang', '20', ' LAKI-LAKI', '63.3', 'PENDEK', 'PEREMPUAN', '6\r', '', NULL, NULL),
	(82, '10.3', 'BB Kurang', '21', ' LAKI-LAKI', '64.8', 'PENDEK', 'PEREMPUAN', '7\r', '', NULL, NULL),
	(83, '10.5', 'BB Kurang', '22', ' LAKI-LAKI', '66.2', 'PENDEK', 'PEREMPUAN', '8\r', '', NULL, NULL),
	(84, '10.7', 'BB Kurang', '23', ' LAKI-LAKI', '67.5', 'PENDEK', 'PEREMPUAN', '9\r', '', NULL, NULL),
	(85, '10.8', 'BB Kurang', '24', ' LAKI-LAKI', '68.7', 'PENDEK', 'PEREMPUAN', '10\r', '', NULL, NULL),
	(86, '11', 'BB Kurang', '25', ' LAKI-LAKI', '69.9', 'PENDEK', 'PEREMPUAN', '11\r', '', NULL, NULL),
	(87, '11.2', 'BB Kurang', '26', ' LAKI-LAKI', '71', 'PENDEK', 'PEREMPUAN', '12\r', '', NULL, NULL),
	(88, '11.3', 'BB Kurang', '27', ' LAKI-LAKI', '72.1', 'PENDEK', 'PEREMPUAN', '13\r', '', NULL, NULL),
	(89, '11.5', 'BB Kurang', '28', ' LAKI-LAKI', '73.1', 'PENDEK', 'PEREMPUAN', '14\r', '', NULL, NULL),
	(90, '11.7', 'BB Kurang', '29', ' LAKI-LAKI', '74.1', 'PENDEK', 'PEREMPUAN', '15\r', '', NULL, NULL),
	(91, '11.8', 'BB Kurang', '30', ' LAKI-LAKI', '75', 'PENDEK', 'PEREMPUAN', '16\r', '', NULL, NULL),
	(92, '12', 'BB Kurang', '31', ' LAKI-LAKI', '76', 'PENDEK', 'PEREMPUAN', '17\r', '', NULL, NULL),
	(93, '12.1', 'BB Kurang', '32', ' LAKI-LAKI', '76.9', 'PENDEK', 'PEREMPUAN', '18\r', '', NULL, NULL),
	(94, '12.3', 'BB Kurang', '33', ' LAKI-LAKI', '77.7', 'PENDEK', 'PEREMPUAN', '19\r', '', NULL, NULL),
	(95, '12.4', 'BB Kurang', '34', ' LAKI-LAKI', '78.6', 'PENDEK', 'PEREMPUAN', '20\r', '', NULL, NULL),
	(96, '12.6', 'BB Kurang', '35', ' LAKI-LAKI', '79.4', 'PENDEK', 'PEREMPUAN', '21\r', '', NULL, NULL),
	(97, '12.7', 'BB Kurang', '36', ' LAKI-LAKI', '80.2', 'PENDEK', 'PEREMPUAN', '22\r', '', NULL, NULL),
	(98, '12.9', 'BB Kurang', '37', ' LAKI-LAKI', '81', 'PENDEK', 'PEREMPUAN', '23\r', '', NULL, NULL),
	(99, '13', 'BB Kurang', '38', ' LAKI-LAKI', '81.7', 'PENDEK', 'PEREMPUAN', '24\r', '', NULL, NULL),
	(100, '13.1', 'BB Kurang', '39', ' LAKI-LAKI', '51.8', 'NORMAL', 'PEREMPUAN', '0\r', '', NULL, NULL),
	(101, '13.3', 'BB Kurang', '40', ' LAKI-LAKI', '56.7', 'NORMAL', 'PEREMPUAN', '1\r', '', NULL, NULL),
	(102, '13.4', 'BB Kurang', '41', ' LAKI-LAKI', '60.4', 'NORMAL', 'PEREMPUAN', '2\r', '', NULL, NULL),
	(103, '13.6', 'BB Kurang', '42', ' LAKI-LAKI', '63.5', 'NORMAL', 'PEREMPUAN', '3\r', '', NULL, NULL),
	(104, '13.7', 'BB Kurang', '43', ' LAKI-LAKI', '66', 'NORMAL', 'PEREMPUAN', '4\r', '', NULL, NULL),
	(105, '13.8', 'BB Kurang', '44', ' LAKI-LAKI', '68', 'NORMAL', 'PEREMPUAN', '5\r', '', NULL, NULL),
	(106, '14', 'BB Kurang', '45', ' LAKI-LAKI', '69.8', 'NORMAL', 'PEREMPUAN', '6\r', '', NULL, NULL),
	(107, '14.1', 'BB Kurang', '46', ' LAKI-LAKI', '71.3', 'NORMAL', 'PEREMPUAN', '7\r', '', NULL, NULL),
	(108, '14.3', 'BB Kurang', '47', ' LAKI-LAKI', '72.8', 'NORMAL', 'PEREMPUAN', '8\r', '', NULL, NULL),
	(109, '14.4', 'BB Kurang', '48', ' LAKI-LAKI', '74.2', 'NORMAL', 'PEREMPUAN', '9\r', '', NULL, NULL),
	(110, '14.5', 'BB Kurang', '49', ' LAKI-LAKI', '75.6', 'NORMAL', 'PEREMPUAN', '10\r', '', NULL, NULL),
	(111, '14.7', 'BB Kurang', '50', ' LAKI-LAKI', '76.9', 'NORMAL', 'PEREMPUAN', '11\r', '', NULL, NULL),
	(112, '14.8', 'BB Kurang', '51', ' LAKI-LAKI', '78.1', 'NORMAL', 'PEREMPUAN', '12\r', '', NULL, NULL),
	(113, '15', 'BB Kurang', '52', ' LAKI-LAKI', '79.3', 'NORMAL', 'PEREMPUAN', '13\r', '', NULL, NULL),
	(114, '15.1', 'BB Kurang', '53', ' LAKI-LAKI', '80.5', 'NORMAL', 'PEREMPUAN', '14\r', '', NULL, NULL),
	(115, '15.2', 'BB Kurang', '54', ' LAKI-LAKI', '81.7', 'NORMAL', 'PEREMPUAN', '15\r', '', NULL, NULL),
	(116, '15.4', 'BB Kurang', '55', ' LAKI-LAKI', '82.8', 'NORMAL', 'PEREMPUAN', '16\r', '', NULL, NULL),
	(117, '15.5', 'BB Kurang', '56', ' LAKI-LAKI', '83.9', 'NORMAL', 'PEREMPUAN', '17\r', '', NULL, NULL),
	(118, '15.6', 'BB Kurang', '57', ' LAKI-LAKI', '85', 'NORMAL', 'PEREMPUAN', '18\r', '', NULL, NULL),
	(119, '15.8', 'BB Kurang', '58', ' LAKI-LAKI', '86', 'NORMAL', 'PEREMPUAN', '19\r', '', NULL, NULL),
	(120, '15.9', 'BB Kurang', '59', ' LAKI-LAKI', '87', 'NORMAL', 'PEREMPUAN', '20\r', '', NULL, NULL),
	(121, '16', 'BB Kurang', '60', ' LAKI-LAKI', '88', 'NORMAL', 'PEREMPUAN', '21\r', '', NULL, NULL),
	(122, '3.9', 'BB Normal', '0', ' LAKI-LAKI', '89', 'NORMAL', 'PEREMPUAN', '22\r', '', NULL, NULL),
	(123, '5.1', 'BB Normal', '1', ' LAKI-LAKI', '89.9', 'NORMAL', 'PEREMPUAN', '23\r', '', NULL, NULL),
	(124, '6.3', 'BB Normal', '2', ' LAKI-LAKI', '90.9', 'NORMAL', 'PEREMPUAN', '24\r', '', NULL, NULL),
	(125, '7.2', 'BB Normal', '3', ' LAKI-LAKI', '53.7', 'NORMAL', 'LAKI-LAKI', '0\r', '', NULL, NULL),
	(126, '7.8', 'BB Normal', '4', ' LAKI-LAKI', '58.6', 'NORMAL', 'LAKI-LAKI', '1\r', '', NULL, NULL),
	(127, '8.4', 'BB Normal', '5', ' LAKI-LAKI', '62.4', 'NORMAL', 'LAKI-LAKI', '2\r', '', NULL, NULL),
	(128, '8.8', 'BB Normal', '6', ' LAKI-LAKI', '65.5', 'NORMAL', 'LAKI-LAKI', '3\r', '', NULL, NULL),
	(129, '9.2', 'BB Normal', '7', ' LAKI-LAKI', '68', 'NORMAL', 'LAKI-LAKI', '4\r', '', NULL, NULL),
	(130, '9.6', 'BB Normal', '8', ' LAKI-LAKI', '70.1', 'NORMAL', 'LAKI-LAKI', '5\r', '', NULL, NULL),
	(131, '9.9', 'BB Normal', '9', ' LAKI-LAKI', '71.9', 'NORMAL', 'LAKI-LAKI', '6\r', '', NULL, NULL),
	(132, '10.2', 'BB Normal', '10', ' LAKI-LAKI', '73.5', 'NORMAL', 'LAKI-LAKI', '7\r', '', NULL, NULL),
	(133, '10.5', 'BB Normal', '11', ' LAKI-LAKI', '75', 'NORMAL', 'LAKI-LAKI', '8\r', '', NULL, NULL),
	(134, '10.8', 'BB Normal', '12', ' LAKI-LAKI', '76.5', 'NORMAL', 'LAKI-LAKI', '9\r', '', NULL, NULL),
	(135, '11', 'BB Normal', '13', ' LAKI-LAKI', '77.9', 'NORMAL', 'LAKI-LAKI', '10\r', '', NULL, NULL),
	(136, '11.3', 'BB Normal', '14', ' LAKI-LAKI', '79.2', 'NORMAL', 'LAKI-LAKI', '11\r', '', NULL, NULL),
	(137, '11.5', 'BB Normal', '15', ' LAKI-LAKI', '80.5', 'NORMAL', 'LAKI-LAKI', '12\r', '', NULL, NULL),
	(138, '11.7', 'BB Normal', '16', ' LAKI-LAKI', '81.8', 'NORMAL', 'LAKI-LAKI', '13\r', '', NULL, NULL),
	(139, '12', 'BB Normal', '17', ' LAKI-LAKI', '83', 'NORMAL', 'LAKI-LAKI', '14\r', '', NULL, NULL),
	(140, '12.2', 'BB Normal', '18', ' LAKI-LAKI', '84.2', 'NORMAL', 'LAKI-LAKI', '15\r', '', NULL, NULL),
	(141, '12.5', 'BB Normal', '19', ' LAKI-LAKI', '85.4', 'NORMAL', 'LAKI-LAKI', '16\r', '', NULL, NULL),
	(142, '12.7', 'BB Normal', '20', ' LAKI-LAKI', '86.5', 'NORMAL', 'LAKI-LAKI', '17\r', '', NULL, NULL),
	(143, '12.9', 'BB Normal', '21', ' LAKI-LAKI', '87.7', 'NORMAL', 'LAKI-LAKI', '18\r', '', NULL, NULL),
	(144, '13.2', 'BB Normal', '22', ' LAKI-LAKI', '88.8', 'NORMAL', 'LAKI-LAKI', '19\r', '', NULL, NULL),
	(145, '13.4', 'BB Normal', '23', ' LAKI-LAKI', '89.8', 'NORMAL', 'LAKI-LAKI', '20\r', '', NULL, NULL),
	(146, '13.6', 'BB Normal', '24', ' LAKI-LAKI', '90.9', 'NORMAL', 'LAKI-LAKI', '21\r', '', NULL, NULL),
	(147, '13.9', 'BB Normal', '25', ' LAKI-LAKI', '91.9', 'NORMAL', 'LAKI-LAKI', '22\r', '', NULL, NULL),
	(148, '14.1', 'BB Normal', '26', ' LAKI-LAKI', '92.9', 'NORMAL', 'LAKI-LAKI', '23\r', '', NULL, NULL),
	(149, '14.3', 'BB Normal', '27', ' LAKI-LAKI', '93.9', 'NORMAL', 'LAKI-LAKI', '24\r', '', NULL, NULL),
	(150, '14.5', 'BB Normal', '28', ' LAKI-LAKI', '78', 'SANGAT PENDEK', 'LAKI-LAKI', '24\r', '', NULL, NULL),
	(151, '14.8', 'BB Normal', '29', ' LAKI-LAKI', '78.6', 'SANGAT PENDEK', 'LAKI-LAKI', '25\r', '', NULL, NULL),
	(152, '15', 'BB Normal', '30', ' LAKI-LAKI', '79.3', 'SANGAT PENDEK', 'LAKI-LAKI', '26\r', '', NULL, NULL),
	(153, '15.2', 'BB Normal', '31', ' LAKI-LAKI', '79.9', 'SANGAT PENDEK', 'LAKI-LAKI', '27\r', '', NULL, NULL),
	(154, '15.4', 'BB Normal', '32', ' LAKI-LAKI', '80.5', 'SANGAT PENDEK', 'LAKI-LAKI', '28\r', '', NULL, NULL),
	(155, '15.6', 'BB Normal', '33', ' LAKI-LAKI', '81.1', 'SANGAT PENDEK', 'LAKI-LAKI', '29\r', '', NULL, NULL),
	(156, '15.8', 'BB Normal', '34', ' LAKI-LAKI', '81.7', 'SANGAT PENDEK', 'LAKI-LAKI', '30\r', '', NULL, NULL),
	(157, '16', 'BB Normal', '35', ' LAKI-LAKI', '82.3', 'SANGAT PENDEK', 'LAKI-LAKI', '31\r', '', NULL, NULL),
	(158, '16.2', 'BB Normal', '36', ' LAKI-LAKI', '82.8', 'SANGAT PENDEK', 'LAKI-LAKI', '32\r', '', NULL, NULL),
	(159, '16.4', 'BB Normal', '37', ' LAKI-LAKI', '83.4', 'SANGAT PENDEK', 'LAKI-LAKI', '33\r', '', NULL, NULL),
	(160, '16.6', 'BB Normal', '38', ' LAKI-LAKI', '83.9', 'SANGAT PENDEK', 'LAKI-LAKI', '34\r', '', NULL, NULL),
	(161, '16.8', 'BB Normal', '39', ' LAKI-LAKI', '84.4', 'SANGAT PENDEK', 'LAKI-LAKI', '35\r', '', NULL, NULL),
	(162, '17', 'BB Normal', '40', ' LAKI-LAKI', '85', 'SANGAT PENDEK', 'LAKI-LAKI', '36\r', '', NULL, NULL),
	(163, '17.2', 'BB Normal', '41', ' LAKI-LAKI', '85.5', 'SANGAT PENDEK', 'LAKI-LAKI', '37\r', '', NULL, NULL),
	(164, '17.4', 'BB Normal', '42', ' LAKI-LAKI', '86', 'SANGAT PENDEK', 'LAKI-LAKI', '38\r', '', NULL, NULL),
	(165, '17.6', 'BB Normal', '43', ' LAKI-LAKI', '86.5', 'SANGAT PENDEK', 'LAKI-LAKI', '39\r', '', NULL, NULL),
	(166, '17.8', 'BB Normal', '44', ' LAKI-LAKI', '87', 'SANGAT PENDEK', 'LAKI-LAKI', '40\r', '', NULL, NULL),
	(167, '18', 'BB Normal', '45', ' LAKI-LAKI', '87.5', 'SANGAT PENDEK', 'LAKI-LAKI', '41\r', '', NULL, NULL),
	(168, '18.2', 'BB Normal', '46', ' LAKI-LAKI', '88', 'SANGAT PENDEK', 'LAKI-LAKI', '42\r', '', NULL, NULL),
	(169, '18.4', 'BB Normal', '47', ' LAKI-LAKI', '88.4', 'SANGAT PENDEK', 'LAKI-LAKI', '43\r', '', NULL, NULL),
	(170, '18.6', 'BB Normal', '48', ' LAKI-LAKI', '88.9', 'SANGAT PENDEK', 'LAKI-LAKI', '44\r', '', NULL, NULL),
	(171, '18.8', 'BB Normal', '49', ' LAKI-LAKI', '89.4', 'SANGAT PENDEK', 'LAKI-LAKI', '45\r', '', NULL, NULL),
	(172, '19', 'BB Normal', '50', ' LAKI-LAKI', '89.8', 'SANGAT PENDEK', 'LAKI-LAKI', '46\r', '', NULL, NULL),
	(173, '19.2', 'BB Normal', '51', ' LAKI-LAKI', '90.3', 'SANGAT PENDEK', 'LAKI-LAKI', '47\r', '', NULL, NULL),
	(174, '19.4', 'BB Normal', '52', ' LAKI-LAKI', '90.7', 'SANGAT PENDEK', 'LAKI-LAKI', '48\r', '', NULL, NULL),
	(175, '19.6', 'BB Normal', '53', ' LAKI-LAKI', '91.2', 'SANGAT PENDEK', 'LAKI-LAKI', '49\r', '', NULL, NULL),
	(176, '19.8', 'BB Normal', '54', ' LAKI-LAKI', '91.6', 'SANGAT PENDEK', 'LAKI-LAKI', '50\r', '', NULL, NULL),
	(177, '20', 'BB Normal', '55', ' LAKI-LAKI', '92.1', 'SANGAT PENDEK', 'LAKI-LAKI', '51\r', '', NULL, NULL),
	(178, '20.2', 'BB Normal', '56', ' LAKI-LAKI', '92.5', 'SANGAT PENDEK', 'LAKI-LAKI', '52\r', '', NULL, NULL),
	(179, '20.4', 'BB Normal', '57', ' LAKI-LAKI', '93', 'SANGAT PENDEK', 'LAKI-LAKI', '53\r', '', NULL, NULL),
	(180, '20.6', 'BB Normal', '58', ' LAKI-LAKI', '93.4', 'SANGAT PENDEK', 'LAKI-LAKI', '54\r', '', NULL, NULL),
	(181, '20.8', 'BB Normal', '59', ' LAKI-LAKI', '93.9', 'SANGAT PENDEK', 'LAKI-LAKI', '55\r', '', NULL, NULL),
	(182, '14.1', 'BB Normal', '60', ' LAKI-LAKI', '94.3', 'SANGAT PENDEK', 'LAKI-LAKI', '56\r', '', NULL, NULL),
	(183, '5', 'BB LEBIH', '0', ' LAKI-LAKI', '94.7', 'SANGAT PENDEK', 'LAKI-LAKI', '57\r', '', NULL, NULL),
	(184, '6.6', 'BB LEBIH', '1', ' LAKI-LAKI', '95.2', 'SANGAT PENDEK', 'LAKI-LAKI', '58\r', '', NULL, NULL),
	(185, '8', 'BB LEBIH', '2', ' LAKI-LAKI', '95.6', 'SANGAT PENDEK', 'LAKI-LAKI', '59\r', '', NULL, NULL),
	(186, '9', 'BB LEBIH', '3', ' LAKI-LAKI', '96.1', 'SANGAT PENDEK', 'LAKI-LAKI', '60\r', '', NULL, NULL),
	(187, '9.7', 'BB LEBIH', '4', ' LAKI-LAKI', '76', 'SANGAT PENDEK', 'LAKI-LAKI', '24\r', '', NULL, NULL),
	(188, '10.4', 'BB LEBIH', '5', ' LAKI-LAKI', '76.8', 'SANGAT PENDEK', 'LAKI-LAKI', '25\r', '', NULL, NULL),
	(189, '10.9', 'BB LEBIH', '6', ' LAKI-LAKI', '77.5', 'SANGAT PENDEK', 'LAKI-LAKI', '26\r', '', NULL, NULL),
	(190, '11.4', 'BB LEBIH', '7', ' LAKI-LAKI', '78.1', 'SANGAT PENDEK', 'LAKI-LAKI', '27\r', '', NULL, NULL),
	(191, '11.9', 'BB LEBIH', '8', ' LAKI-LAKI', '78.8', 'SANGAT PENDEK', 'LAKI-LAKI', '28\r', '', NULL, NULL),
	(192, '12.3', 'BB LEBIH', '9', ' LAKI-LAKI', '79.5', 'SANGAT PENDEK', 'LAKI-LAKI', '29\r', '', NULL, NULL),
	(193, '12.7', 'BB LEBIH', '10', ' LAKI-LAKI', '80.1', 'SANGAT PENDEK', 'LAKI-LAKI', '30\r', '', NULL, NULL),
	(194, '13', 'BB LEBIH', '11', ' LAKI-LAKI', '80.7', 'SANGAT PENDEK', 'LAKI-LAKI', '31\r', '', NULL, NULL),
	(195, '13.3', 'BB LEBIH', '12', ' LAKI-LAKI', '81.3', 'SANGAT PENDEK', 'LAKI-LAKI', '32\r', '', NULL, NULL),
	(196, '13.7', 'BB LEBIH', '13', ' LAKI-LAKI', '81.9', 'SANGAT PENDEK', 'LAKI-LAKI', '33\r', '', NULL, NULL),
	(197, '14', 'BB LEBIH', '14', ' LAKI-LAKI', '82.5', 'SANGAT PENDEK', 'LAKI-LAKI', '34\r', '', NULL, NULL),
	(198, '14.3', 'BB LEBIH', '15', ' LAKI-LAKI', '83.1', 'SANGAT PENDEK', 'LAKI-LAKI', '35\r', '', NULL, NULL),
	(199, '14.6', 'BB LEBIH', '16', ' LAKI-LAKI', '83.6', 'SANGAT PENDEK', 'LAKI-LAKI', '36\r', '', NULL, NULL),
	(200, '14.9', 'BB LEBIH', '17', ' LAKI-LAKI', '84.2', 'SANGAT PENDEK', 'LAKI-LAKI', '37\r', '', NULL, NULL),
	(201, '15.3', 'BB LEBIH', '18', ' LAKI-LAKI', '84.7', 'SANGAT PENDEK', 'LAKI-LAKI', '38\r', '', NULL, NULL),
	(202, '15.6', 'BB LEBIH', '19', ' LAKI-LAKI', '85.3', 'SANGAT PENDEK', 'LAKI-LAKI', '39\r', '', NULL, NULL),
	(203, '15.9', 'BB LEBIH', '20', ' LAKI-LAKI', '85.8', 'SANGAT PENDEK', 'LAKI-LAKI', '40\r', '', NULL, NULL),
	(204, '16.2', 'BB LEBIH', '21', ' LAKI-LAKI', '86.3', 'SANGAT PENDEK', 'LAKI-LAKI', '41\r', '', NULL, NULL),
	(205, '16.5', 'BB LEBIH', '22', ' LAKI-LAKI', '86.8', 'SANGAT PENDEK', 'LAKI-LAKI', '42\r', '', NULL, NULL),
	(206, '16.8', 'BB LEBIH', '23', ' LAKI-LAKI', '87.4', 'SANGAT PENDEK', 'LAKI-LAKI', '43\r', '', NULL, NULL),
	(207, '17.1', 'BB LEBIH', '24', ' LAKI-LAKI', '87.9', 'SANGAT PENDEK', 'LAKI-LAKI', '44\r', '', NULL, NULL),
	(208, '17.5', 'BB LEBIH', '25', ' LAKI-LAKI', '88.4', 'SANGAT PENDEK', 'LAKI-LAKI', '45\r', '', NULL, NULL),
	(209, '17.8', 'BB LEBIH', '26', ' LAKI-LAKI', '88.9', 'SANGAT PENDEK', 'LAKI-LAKI', '46\r', '', NULL, NULL),
	(210, '18.1', 'BB LEBIH', '27', ' LAKI-LAKI', '89.3', 'SANGAT PENDEK', 'LAKI-LAKI', '47\r', '', NULL, NULL),
	(211, '18.4', 'BB LEBIH', '28', ' LAKI-LAKI', '89.8', 'SANGAT PENDEK', 'LAKI-LAKI', '48\r', '', NULL, NULL),
	(212, '18.7', 'BB LEBIH', '29', ' LAKI-LAKI', '90.3', 'SANGAT PENDEK', 'LAKI-LAKI', '49\r', '', NULL, NULL),
	(213, '19', 'BB LEBIH', '30', ' LAKI-LAKI', '90.7', 'SANGAT PENDEK', 'LAKI-LAKI', '50\r', '', NULL, NULL),
	(214, '19.3', 'BB LEBIH', '31', ' LAKI-LAKI', '91.2', 'SANGAT PENDEK', 'LAKI-LAKI', '51\r', '', NULL, NULL),
	(215, '19.6', 'BB LEBIH', '32', ' LAKI-LAKI', '91.7', 'SANGAT PENDEK', 'LAKI-LAKI', '52\r', '', NULL, NULL),
	(216, '19.9', 'BB LEBIH', '33', ' LAKI-LAKI', '92.1', 'SANGAT PENDEK', 'LAKI-LAKI', '53\r', '', NULL, NULL),
	(217, '20.2', 'BB LEBIH', '34', ' LAKI-LAKI', '92.6', 'SANGAT PENDEK', 'LAKI-LAKI', '54\r', '', NULL, NULL),
	(218, '20.4', 'BB LEBIH', '35', ' LAKI-LAKI', '93', 'SANGAT PENDEK', 'LAKI-LAKI', '55\r', '', NULL, NULL),
	(219, '20.7', 'BB LEBIH', '36', ' LAKI-LAKI', '93.4', 'SANGAT PENDEK', 'LAKI-LAKI', '56\r', '', NULL, NULL),
	(220, '21', 'BB LEBIH', '37', ' LAKI-LAKI', '93.9', 'SANGAT PENDEK', 'LAKI-LAKI', '57\r', '', NULL, NULL),
	(221, '21.3', 'BB LEBIH', '38', ' LAKI-LAKI', '94.3', 'SANGAT PENDEK', 'LAKI-LAKI', '58\r', '', NULL, NULL),
	(222, '21.6', 'BB LEBIH', '39', ' LAKI-LAKI', '94.7', 'SANGAT PENDEK', 'LAKI-LAKI', '59\r', '', NULL, NULL),
	(223, '21.9', 'BB LEBIH', '40', ' LAKI-LAKI', '95.2', 'SANGAT PENDEK', 'LAKI-LAKI', '60\r', '', NULL, NULL),
	(224, '22.1', 'BB LEBIH', '41', ' LAKI-LAKI', '81', 'PENDEK', 'LAKI-LAKI', '24\r', '', NULL, NULL),
	(225, '22.4', 'BB LEBIH', '42', ' LAKI-LAKI', '81.7', 'PENDEK', 'LAKI-LAKI', '25\r', '', NULL, NULL),
	(226, '22.7', 'BB LEBIH', '43', ' LAKI-LAKI', '82.5', 'PENDEK', 'LAKI-LAKI', '26\r', '', NULL, NULL),
	(227, '23', 'BB LEBIH', '44', ' LAKI-LAKI', '83.1', 'PENDEK', 'LAKI-LAKI', '27\r', '', NULL, NULL),
	(228, '23.3', 'BB LEBIH', '45', ' LAKI-LAKI', '83.8', 'PENDEK', 'LAKI-LAKI', '28\r', '', NULL, NULL),
	(229, '23.6', 'BB LEBIH', '46', ' LAKI-LAKI', '84.5', 'PENDEK', 'LAKI-LAKI', '29\r', '', NULL, NULL),
	(230, '23.9', 'BB LEBIH', '47', ' LAKI-LAKI', '85.1', 'PENDEK', 'LAKI-LAKI', '30\r', '', NULL, NULL),
	(231, '24.2', 'BB LEBIH', '48', ' LAKI-LAKI', '85.7', 'PENDEK', 'LAKI-LAKI', '31\r', '', NULL, NULL),
	(232, '24.5', 'BB LEBIH', '49', ' LAKI-LAKI', '86.4', 'PENDEK', 'LAKI-LAKI', '32\r', '', NULL, NULL),
	(233, '24.8', 'BB LEBIH', '50', ' LAKI-LAKI', '86.9', 'PENDEK', 'LAKI-LAKI', '33\r', '', NULL, NULL),
	(234, '25.1', 'BB LEBIH', '51', ' LAKI-LAKI', '87.5', 'PENDEK', 'LAKI-LAKI', '34\r', '', NULL, NULL),
	(235, '25.4', 'BB LEBIH', '52', ' LAKI-LAKI', '88.1', 'PENDEK', 'LAKI-LAKI', '35\r', '', NULL, NULL),
	(236, '25.7', 'BB LEBIH', '53', ' LAKI-LAKI', '88.7', 'PENDEK', 'LAKI-LAKI', '36\r', '', NULL, NULL),
	(237, '26', 'BB LEBIH', '54', ' LAKI-LAKI', '89.2', 'PENDEK', 'LAKI-LAKI', '37\r', '', NULL, NULL),
	(238, '26.3', 'BB LEBIH', '55', ' LAKI-LAKI', '89.8', 'PENDEK', 'LAKI-LAKI', '38\r', '', NULL, NULL),
	(239, '26.6', 'BB LEBIH', '56', ' LAKI-LAKI', '90.3', 'PENDEK', 'LAKI-LAKI', '39\r', '', NULL, NULL),
	(240, '26.9', 'BB LEBIH', '57', ' LAKI-LAKI', '90.9', 'PENDEK', 'LAKI-LAKI', '40\r', '', NULL, NULL),
	(241, '27.2', 'BB LEBIH', '58', ' LAKI-LAKI', '91.4', 'PENDEK', 'LAKI-LAKI', '41\r', '', NULL, NULL),
	(242, '27.6', 'BB LEBIH', '59', ' LAKI-LAKI', '91.9', 'PENDEK', 'LAKI-LAKI', '42\r', '', NULL, NULL),
	(243, '27.9', 'BB LEBIH', '60', ' LAKI-LAKI', '92.4', 'PENDEK', 'LAKI-LAKI', '43\r', '', NULL, NULL),
	(244, '2', 'BB Sangat Kurang', '0', 'PEREMPUAN', '93', 'PENDEK', 'LAKI-LAKI', '44\r', '', NULL, NULL),
	(245, '2.7', 'BB Sangat Kurang', '1', 'PEREMPUAN', '93.5', 'PENDEK', 'LAKI-LAKI', '45\r', '', NULL, NULL),
	(246, '3.4', 'BB Sangat Kurang', '2', 'PEREMPUAN', '94', 'PENDEK', 'LAKI-LAKI', '46\r', '', NULL, NULL),
	(247, '4', 'BB Sangat Kurang', '3', 'PEREMPUAN', '94.4', 'PENDEK', 'LAKI-LAKI', '47\r', '', NULL, NULL),
	(248, '4.4', 'BB Sangat Kurang', '4', 'PEREMPUAN', '94.9', 'PENDEK', 'LAKI-LAKI', '48\r', '', NULL, NULL),
	(249, '4.8', 'BB Sangat Kurang', '5', 'PEREMPUAN', '95.4', 'PENDEK', 'LAKI-LAKI', '49\r', '', NULL, NULL),
	(250, '5.1', 'BB Sangat Kurang', '6', 'PEREMPUAN', '95.9', 'PENDEK', 'LAKI-LAKI', '50\r', '', NULL, NULL),
	(251, '5.3', 'BB Sangat Kurang', '7', 'PEREMPUAN', '96.4', 'PENDEK', 'LAKI-LAKI', '51\r', '', NULL, NULL),
	(252, '5.6', 'BB Sangat Kurang', '8', 'PEREMPUAN', '96.9', 'PENDEK', 'LAKI-LAKI', '52\r', '', NULL, NULL),
	(253, '5.8', 'BB Sangat Kurang', '9', 'PEREMPUAN', '97.4', 'PENDEK', 'LAKI-LAKI', '53\r', '', NULL, NULL),
	(254, '5.9', 'BB Sangat Kurang', '10', 'PEREMPUAN', '97.8', 'PENDEK', 'LAKI-LAKI', '54\r', '', NULL, NULL),
	(255, '6.1', 'BB Sangat Kurang', '11', 'PEREMPUAN', '98.3', 'PENDEK', 'LAKI-LAKI', '55\r', '', NULL, NULL),
	(256, '6.3', 'BB Sangat Kurang', '12', 'PEREMPUAN', '98.8', 'PENDEK', 'LAKI-LAKI', '56\r', '', NULL, NULL),
	(257, '6.4', 'BB Sangat Kurang', '13', 'PEREMPUAN', '99.3', 'PENDEK', 'LAKI-LAKI', '57\r', '', NULL, NULL),
	(258, '6.6', 'BB Sangat Kurang', '14', 'PEREMPUAN', '99.7', 'PENDEK', 'LAKI-LAKI', '58\r', '', NULL, NULL),
	(259, '6.7', 'BB Sangat Kurang', '15', 'PEREMPUAN', '100.2', 'PENDEK', 'LAKI-LAKI', '59\r', '', NULL, NULL),
	(260, '6.9', 'BB Sangat Kurang', '16', 'PEREMPUAN', '100.7', 'PENDEK', 'LAKI-LAKI', '60\r', '', NULL, NULL),
	(261, '7', 'BB Sangat Kurang', '17', 'PEREMPUAN', '90.2', 'NORMAL', 'LAKI-LAKI', '24\r', '', NULL, NULL),
	(262, '7.2', 'BB Sangat Kurang', '18', 'PEREMPUAN', '91.1', 'NORMAL', 'LAKI-LAKI', '25\r', '', NULL, NULL),
	(263, '7.3', 'BB Sangat Kurang', '19', 'PEREMPUAN', '92', 'NORMAL', 'LAKI-LAKI', '26\r', '', NULL, NULL),
	(264, '7.5', 'BB Sangat Kurang', '20', 'PEREMPUAN', '92.9', 'NORMAL', 'LAKI-LAKI', '27\r', '', NULL, NULL),
	(265, '7.6', 'BB Sangat Kurang', '21', 'PEREMPUAN', '93.7', 'NORMAL', 'LAKI-LAKI', '28\r', '', NULL, NULL),
	(266, '7.8', 'BB Sangat Kurang', '22', 'PEREMPUAN', '94.5', 'NORMAL', 'LAKI-LAKI', '29\r', '', NULL, NULL),
	(267, '7.9', 'BB Sangat Kurang', '23', 'PEREMPUAN', '95.3', 'NORMAL', 'LAKI-LAKI', '30\r', '', NULL, NULL),
	(268, '8.1', 'BB Sangat Kurang', '24', 'PEREMPUAN', '96.1', 'NORMAL', 'LAKI-LAKI', '31\r', '', NULL, NULL),
	(269, '8.2', 'BB Sangat Kurang', '25', 'PEREMPUAN', '96.9', 'NORMAL', 'LAKI-LAKI', '32\r', '', NULL, NULL),
	(270, '8.4', 'BB Sangat Kurang', '26', 'PEREMPUAN', '97.6', 'NORMAL', 'LAKI-LAKI', '33\r', '', NULL, NULL),
	(271, '8.5', 'BB Sangat Kurang', '27', 'PEREMPUAN', '98.4', 'NORMAL', 'LAKI-LAKI', '34\r', '', NULL, NULL),
	(272, '8.6', 'BB Sangat Kurang', '28', 'PEREMPUAN', '99.1', 'NORMAL', 'LAKI-LAKI', '35\r', '', NULL, NULL),
	(273, '8.8', 'BB Sangat Kurang', '29', 'PEREMPUAN', '99.8', 'NORMAL', 'LAKI-LAKI', '36\r', '', NULL, NULL),
	(274, '8.9', 'BB Sangat Kurang', '30', 'PEREMPUAN', '100.5', 'NORMAL', 'LAKI-LAKI', '37\r', '', NULL, NULL),
	(275, '9', 'BB Sangat Kurang', '31', 'PEREMPUAN', '101.2', 'NORMAL', 'LAKI-LAKI', '38\r', '', NULL, NULL),
	(276, '9.1', 'BB Sangat Kurang', '32', 'PEREMPUAN', '101.8', 'NORMAL', 'LAKI-LAKI', '39\r', '', NULL, NULL),
	(277, '9.3', 'BB Sangat Kurang', '33', 'PEREMPUAN', '102.5', 'NORMAL', 'LAKI-LAKI', '40\r', '', NULL, NULL),
	(278, '9.4', 'BB Sangat Kurang', '34', 'PEREMPUAN', '103.2', 'NORMAL', 'LAKI-LAKI', '41\r', '', NULL, NULL),
	(279, '9.5', 'BB Sangat Kurang', '35', 'PEREMPUAN', '103.8', 'NORMAL', 'LAKI-LAKI', '42\r', '', NULL, NULL),
	(280, '9.6', 'BB Sangat Kurang', '36', 'PEREMPUAN', '104.5', 'NORMAL', 'LAKI-LAKI', '43\r', '', NULL, NULL),
	(281, '9.7', 'BB Sangat Kurang', '37', 'PEREMPUAN', '105.1', 'NORMAL', 'LAKI-LAKI', '44\r', '', NULL, NULL),
	(282, '9.8', 'BB Sangat Kurang', '38', 'PEREMPUAN', '105.7', 'NORMAL', 'LAKI-LAKI', '45\r', '', NULL, NULL),
	(283, '9.9', 'BB Sangat Kurang', '39', 'PEREMPUAN', '106.3', 'NORMAL', 'LAKI-LAKI', '46\r', '', NULL, NULL),
	(284, '10.1', 'BB Sangat Kurang', '40', 'PEREMPUAN', '106.9', 'NORMAL', 'LAKI-LAKI', '47\r', '', NULL, NULL),
	(285, '10.2', 'BB Sangat Kurang', '41', 'PEREMPUAN', '107.5', 'NORMAL', 'LAKI-LAKI', '48\r', '', NULL, NULL),
	(286, '10.3', 'BB Sangat Kurang', '42', 'PEREMPUAN', '108.1', 'NORMAL', 'LAKI-LAKI', '49\r', '', NULL, NULL),
	(287, '10.4', 'BB Sangat Kurang', '43', 'PEREMPUAN', '108.7', 'NORMAL', 'LAKI-LAKI', '50\r', '', NULL, NULL),
	(288, '10.5', 'BB Sangat Kurang', '44', 'PEREMPUAN', '109.3', 'NORMAL', 'LAKI-LAKI', '51\r', '', NULL, NULL),
	(289, '10.6', 'BB Sangat Kurang', '45', 'PEREMPUAN', '109.9', 'NORMAL', 'LAKI-LAKI', '52\r', '', NULL, NULL),
	(290, '10.7', 'BB Sangat Kurang', '46', 'PEREMPUAN', '110.5', 'NORMAL', 'LAKI-LAKI', '53\r', '', NULL, NULL),
	(291, '10.8', 'BB Sangat Kurang', '47', 'PEREMPUAN', '111.1', 'NORMAL', 'LAKI-LAKI', '54\r', '', NULL, NULL),
	(292, '10.9', 'BB Sangat Kurang', '48', 'PEREMPUAN', '111.7', 'NORMAL', 'LAKI-LAKI', '55\r', '', NULL, NULL),
	(293, '11', 'BB Sangat Kurang', '49', 'PEREMPUAN', '112.3', 'NORMAL', 'LAKI-LAKI', '56\r', '', NULL, NULL),
	(294, '11.1', 'BB Sangat Kurang', '50', 'PEREMPUAN', '112.8', 'NORMAL', 'LAKI-LAKI', '57\r', '', NULL, NULL),
	(295, '11.2', 'BB Sangat Kurang', '51', 'PEREMPUAN', '113.4', 'NORMAL', 'LAKI-LAKI', '58\r', '', NULL, NULL),
	(296, '11.3', 'BB Sangat Kurang', '52', 'PEREMPUAN', '114', 'NORMAL', 'LAKI-LAKI', '59\r', '', NULL, NULL),
	(297, '11.4', 'BB Sangat Kurang', '53', 'PEREMPUAN', '114.6', 'NORMAL', 'LAKI-LAKI', '60\r', '', NULL, NULL),
	(298, '11.5', 'BB Sangat Kurang', '54', 'PEREMPUAN', '76', 'SANGAT PENDEK', 'PEREMPUAN', '24\r', '', NULL, NULL),
	(299, '11.6', 'BB Sangat Kurang', '55', 'PEREMPUAN', '76.8', 'SANGAT PENDEK', 'PEREMPUAN', '25\r', '', NULL, NULL),
	(300, '11.7', 'BB Sangat Kurang', '56', 'PEREMPUAN', '77.5', 'SANGAT PENDEK', 'PEREMPUAN', '26\r', '', NULL, NULL),
	(301, '11.8', 'BB Sangat Kurang', '57', 'PEREMPUAN', '78.1', 'SANGAT PENDEK', 'PEREMPUAN', '27\r', '', NULL, NULL),
	(302, '11.9', 'BB Sangat Kurang', '58', 'PEREMPUAN', '78.8', 'SANGAT PENDEK', 'PEREMPUAN', '28\r', '', NULL, NULL),
	(303, '12', 'BB Sangat Kurang', '59', 'PEREMPUAN', '79.5', 'SANGAT PENDEK', 'PEREMPUAN', '29\r', '', NULL, NULL),
	(304, '12.1', 'BB Sangat Kurang', '60', 'PEREMPUAN', '80.1', 'SANGAT PENDEK', 'PEREMPUAN', '30\r', '', NULL, NULL),
	(305, '2.4', 'BB Kurang', '0', 'PEREMPUAN', '80.7', 'SANGAT PENDEK', 'PEREMPUAN', '31\r', '', NULL, NULL),
	(306, '3.2', 'BB Kurang', '1', 'PEREMPUAN', '81.3', 'SANGAT PENDEK', 'PEREMPUAN', '32\r', '', NULL, NULL),
	(307, '3.9', 'BB Kurang', '2', 'PEREMPUAN', '81.9', 'SANGAT PENDEK', 'PEREMPUAN', '33\r', '', NULL, NULL),
	(308, '4.5', 'BB Kurang', '3', 'PEREMPUAN', '82.5', 'SANGAT PENDEK', 'PEREMPUAN', '34\r', '', NULL, NULL),
	(309, '5', 'BB Kurang', '4', 'PEREMPUAN', '83.1', 'SANGAT PENDEK', 'PEREMPUAN', '35\r', '', NULL, NULL),
	(310, '5.4', 'BB Kurang', '5', 'PEREMPUAN', '83.6', 'SANGAT PENDEK', 'PEREMPUAN', '36\r', '', NULL, NULL),
	(311, '5.7', 'BB Kurang', '6', 'PEREMPUAN', '84.2', 'SANGAT PENDEK', 'PEREMPUAN', '37\r', '', NULL, NULL),
	(312, '6', 'BB Kurang', '7', 'PEREMPUAN', '84.7', 'SANGAT PENDEK', 'PEREMPUAN', '38\r', '', NULL, NULL),
	(313, '6.3', 'BB Kurang', '8', 'PEREMPUAN', '85.3', 'SANGAT PENDEK', 'PEREMPUAN', '39\r', '', NULL, NULL),
	(314, '6.5', 'BB Kurang', '9', 'PEREMPUAN', '85.8', 'SANGAT PENDEK', 'PEREMPUAN', '40\r', '', NULL, NULL),
	(315, '6.7', 'BB Kurang', '10', 'PEREMPUAN', '86.3', 'SANGAT PENDEK', 'PEREMPUAN', '41\r', '', NULL, NULL),
	(316, '6.9', 'BB Kurang', '11', 'PEREMPUAN', '86.8', 'SANGAT PENDEK', 'PEREMPUAN', '42\r', '', NULL, NULL),
	(317, '7', 'BB Kurang', '12', 'PEREMPUAN', '87.4', 'SANGAT PENDEK', 'PEREMPUAN', '43\r', '', NULL, NULL),
	(318, '7.2', 'BB Kurang', '13', 'PEREMPUAN', '87.9', 'SANGAT PENDEK', 'PEREMPUAN', '44\r', '', NULL, NULL),
	(319, '7.4', 'BB Kurang', '14', 'PEREMPUAN', '88.4', 'SANGAT PENDEK', 'PEREMPUAN', '45\r', '', NULL, NULL),
	(320, '7.6', 'BB Kurang', '15', 'PEREMPUAN', '88.9', 'SANGAT PENDEK', 'PEREMPUAN', '46\r', '', NULL, NULL),
	(321, '7.7', 'BB Kurang', '16', 'PEREMPUAN', '89.3', 'SANGAT PENDEK', 'PEREMPUAN', '47\r', '', NULL, NULL),
	(322, '7.9', 'BB Kurang', '17', 'PEREMPUAN', '89.8', 'SANGAT PENDEK', 'PEREMPUAN', '48\r', '', NULL, NULL),
	(323, '8.1', 'BB Kurang', '18', 'PEREMPUAN', '90.3', 'SANGAT PENDEK', 'PEREMPUAN', '49\r', '', NULL, NULL),
	(324, '8.2', 'BB Kurang', '19', 'PEREMPUAN', '90.7', 'SANGAT PENDEK', 'PEREMPUAN', '50\r', '', NULL, NULL),
	(325, '8.4', 'BB Kurang', '20', 'PEREMPUAN', '91.2', 'SANGAT PENDEK', 'PEREMPUAN', '51\r', '', NULL, NULL),
	(326, '8.6', 'BB Kurang', '21', 'PEREMPUAN', '91.7', 'SANGAT PENDEK', 'PEREMPUAN', '52\r', '', NULL, NULL),
	(327, '8.7', 'BB Kurang', '22', 'PEREMPUAN', '92.1', 'SANGAT PENDEK', 'PEREMPUAN', '53\r', '', NULL, NULL),
	(328, '8.9', 'BB Kurang', '23', 'PEREMPUAN', '92.6', 'SANGAT PENDEK', 'PEREMPUAN', '54\r', '', NULL, NULL),
	(329, '9', 'BB Kurang', '24', 'PEREMPUAN', '93', 'SANGAT PENDEK', 'PEREMPUAN', '55\r', '', NULL, NULL),
	(330, '9.2', 'BB Kurang', '25', 'PEREMPUAN', '93.4', 'SANGAT PENDEK', 'PEREMPUAN', '56\r', '', NULL, NULL),
	(331, '9.4', 'BB Kurang', '26', 'PEREMPUAN', '93.9', 'SANGAT PENDEK', 'PEREMPUAN', '57\r', '', NULL, NULL),
	(332, '9.5', 'BB Kurang', '27', 'PEREMPUAN', '94.3', 'SANGAT PENDEK', 'PEREMPUAN', '58\r', '', NULL, NULL),
	(333, '9.7', 'BB Kurang', '28', 'PEREMPUAN', '94.7', 'SANGAT PENDEK', 'PEREMPUAN', '59\r', '', NULL, NULL),
	(334, '9.8', 'BB Kurang', '29', 'PEREMPUAN', '95.2', 'SANGAT PENDEK', 'PEREMPUAN', '60\r', '', NULL, NULL),
	(335, '10', 'BB Kurang', '30', 'PEREMPUAN', '79.3', 'PENDEK', 'PEREMPUAN', '24\r', '', NULL, NULL),
	(336, '10.1', 'BB Kurang', '31', 'PEREMPUAN', '80', 'PENDEK', 'PEREMPUAN', '25\r', '', NULL, NULL),
	(337, '10.3', 'BB Kurang', '32', 'PEREMPUAN', '80.8', 'PENDEK', 'PEREMPUAN', '26\r', '', NULL, NULL),
	(338, '10.4', 'BB Kurang', '33', 'PEREMPUAN', '81.5', 'PENDEK', 'PEREMPUAN', '27\r', '', NULL, NULL),
	(339, '10.5', 'BB Kurang', '34', 'PEREMPUAN', '82.2', 'PENDEK', 'PEREMPUAN', '28\r', '', NULL, NULL),
	(340, '10.7', 'BB Kurang', '35', 'PEREMPUAN', '82.9', 'PENDEK', 'PEREMPUAN', '29\r', '', NULL, NULL),
	(341, '10.8', 'BB Kurang', '36', 'PEREMPUAN', '83.6', 'PENDEK', 'PEREMPUAN', '30\r', '', NULL, NULL),
	(342, '10.9', 'BB Kurang', '37', 'PEREMPUAN', '84.3', 'PENDEK', 'PEREMPUAN', '31\r', '', NULL, NULL),
	(343, '11.1', 'BB Kurang', '38', 'PEREMPUAN', '84.9', 'PENDEK', 'PEREMPUAN', '32\r', '', NULL, NULL),
	(344, '11.2', 'BB Kurang', '39', 'PEREMPUAN', '85.6', 'PENDEK', 'PEREMPUAN', '33\r', '', NULL, NULL),
	(345, '11.3', 'BB Kurang', '40', 'PEREMPUAN', '86.2', 'PENDEK', 'PEREMPUAN', '34\r', '', NULL, NULL),
	(346, '11.5', 'BB Kurang', '41', 'PEREMPUAN', '86.8', 'PENDEK', 'PEREMPUAN', '35\r', '', NULL, NULL),
	(347, '11.6', 'BB Kurang', '42', 'PEREMPUAN', '87.4', 'PENDEK', 'PEREMPUAN', '36\r', '', NULL, NULL),
	(348, '11.7', 'BB Kurang', '43', 'PEREMPUAN', '88', 'PENDEK', 'PEREMPUAN', '37\r', '', NULL, NULL),
	(349, '11.8', 'BB Kurang', '44', 'PEREMPUAN', '88.6', 'PENDEK', 'PEREMPUAN', '38\r', '', NULL, NULL),
	(350, '12', 'BB Kurang', '45', 'PEREMPUAN', '89.2', 'PENDEK', 'PEREMPUAN', '39\r', '', NULL, NULL),
	(351, '12.1', 'BB Kurang', '46', 'PEREMPUAN', '89.8', 'PENDEK', 'PEREMPUAN', '40\r', '', NULL, NULL),
	(352, '12.2', 'BB Kurang', '47', 'PEREMPUAN', '90.4', 'PENDEK', 'PEREMPUAN', '41\r', '', NULL, NULL),
	(353, '12.3', 'BB Kurang', '48', 'PEREMPUAN', '90.9', 'PENDEK', 'PEREMPUAN', '42\r', '', NULL, NULL),
	(354, '12.4', 'BB Kurang', '49', 'PEREMPUAN', '91.5', 'PENDEK', 'PEREMPUAN', '43\r', '', NULL, NULL),
	(355, '12.6', 'BB Kurang', '50', 'PEREMPUAN', '92', 'PENDEK', 'PEREMPUAN', '44\r', '', NULL, NULL),
	(356, '12.7', 'BB Kurang', '51', 'PEREMPUAN', '92.5', 'PENDEK', 'PEREMPUAN', '45\r', '', NULL, NULL),
	(357, '12.8', 'BB Kurang', '52', 'PEREMPUAN', '93.1', 'PENDEK', 'PEREMPUAN', '46\r', '', NULL, NULL),
	(358, '12.9', 'BB Kurang', '53', 'PEREMPUAN', '93.6', 'PENDEK', 'PEREMPUAN', '47\r', '', NULL, NULL),
	(359, '13', 'BB Kurang', '54', 'PEREMPUAN', '94.1', 'PENDEK', 'PEREMPUAN', '48\r', '', NULL, NULL),
	(360, '13.2', 'BB Kurang', '55', 'PEREMPUAN', '94.6', 'PENDEK', 'PEREMPUAN', '49\r', '', NULL, NULL),
	(361, '13.3', 'BB Kurang', '56', 'PEREMPUAN', '95.1', 'PENDEK', 'PEREMPUAN', '50\r', '', NULL, NULL),
	(362, '13.4', 'BB Kurang', '57', 'PEREMPUAN', '95.6', 'PENDEK', 'PEREMPUAN', '51\r', '', NULL, NULL),
	(363, '13.5', 'BB Kurang', '58', 'PEREMPUAN', '96.1', 'PENDEK', 'PEREMPUAN', '52\r', '', NULL, NULL),
	(364, '13.6', 'BB Kurang', '59', 'PEREMPUAN', '96.6', 'PENDEK', 'PEREMPUAN', '53\r', '', NULL, NULL),
	(365, '13.7', 'BB Kurang', '60', 'PEREMPUAN', '97.1', 'PENDEK', 'PEREMPUAN', '54\r', '', NULL, NULL),
	(366, '3.7', 'BB Normal', '0', 'PEREMPUAN', '97.6', 'PENDEK', 'PEREMPUAN', '55\r', '', NULL, NULL),
	(367, '4.8', 'BB Normal', '1', 'PEREMPUAN', '98.1', 'PENDEK', 'PEREMPUAN', '56\r', '', NULL, NULL),
	(368, '5.8', 'BB Normal', '2', 'PEREMPUAN', '98.5', 'PENDEK', 'PEREMPUAN', '57\r', '', NULL, NULL),
	(369, '6.6', 'BB Normal', '3', 'PEREMPUAN', '99', 'PENDEK', 'PEREMPUAN', '58\r', '', NULL, NULL),
	(370, '7.3', 'BB Normal', '4', 'PEREMPUAN', '99.5', 'PENDEK', 'PEREMPUAN', '59\r', '', NULL, NULL),
	(371, '7.8', 'BB Normal', '5', 'PEREMPUAN', '99.9', 'PENDEK', 'PEREMPUAN', '60\r', '', NULL, NULL),
	(372, '8.2', 'BB Normal', '6', 'PEREMPUAN', '88.9', 'NORMAL', 'PEREMPUAN', '24\r', '', NULL, NULL),
	(373, '8.6', 'BB Normal', '7', 'PEREMPUAN', '89.9', 'NORMAL', 'PEREMPUAN', '25\r', '', NULL, NULL),
	(374, '9', 'BB Normal', '8', 'PEREMPUAN', '90.8', 'NORMAL', 'PEREMPUAN', '26\r', '', NULL, NULL),
	(375, '9.3', 'BB Normal', '9', 'PEREMPUAN', '91.7', 'NORMAL', 'PEREMPUAN', '27\r', '', NULL, NULL),
	(376, '9.6', 'BB Normal', '10', 'PEREMPUAN', '92.5', 'NORMAL', 'PEREMPUAN', '28\r', '', NULL, NULL),
	(377, '9.9', 'BB Normal', '11', 'PEREMPUAN', '93.4', 'NORMAL', 'PEREMPUAN', '29\r', '', NULL, NULL),
	(378, '10.1', 'BB Normal', '12', 'PEREMPUAN', '94.2', 'NORMAL', 'PEREMPUAN', '30\r', '', NULL, NULL),
	(379, '10.4', 'BB Normal', '13', 'PEREMPUAN', '95', 'NORMAL', 'PEREMPUAN', '31\r', '', NULL, NULL),
	(380, '10.6', 'BB Normal', '14', 'PEREMPUAN', '95.8', 'NORMAL', 'PEREMPUAN', '32\r', '', NULL, NULL),
	(381, '10.9', 'BB Normal', '15', 'PEREMPUAN', '96.6', 'NORMAL', 'PEREMPUAN', '33\r', '', NULL, NULL),
	(382, '11.1', 'BB Normal', '16', 'PEREMPUAN', '97.4', 'NORMAL', 'PEREMPUAN', '34\r', '', NULL, NULL),
	(383, '11.4', 'BB Normal', '17', 'PEREMPUAN', '98.1', 'NORMAL', 'PEREMPUAN', '35\r', '', NULL, NULL),
	(384, '11.6', 'BB Normal', '18', 'PEREMPUAN', '98.9', 'NORMAL', 'PEREMPUAN', '36\r', '', NULL, NULL),
	(385, '11.8', 'BB Normal', '19', 'PEREMPUAN', '99.6', 'NORMAL', 'PEREMPUAN', '37\r', '', NULL, NULL),
	(386, '12.1', 'BB Normal', '20', 'PEREMPUAN', '100.3', 'NORMAL', 'PEREMPUAN', '38\r', '', NULL, NULL),
	(387, '12.3', 'BB Normal', '21', 'PEREMPUAN', '101', 'NORMAL', 'PEREMPUAN', '39\r', '', NULL, NULL),
	(388, '12.5', 'BB Normal', '22', 'PEREMPUAN', '101.7', 'NORMAL', 'PEREMPUAN', '40\r', '', NULL, NULL),
	(389, '12.8', 'BB Normal', '23', 'PEREMPUAN', '102.4', 'NORMAL', 'PEREMPUAN', '41\r', '', NULL, NULL),
	(390, '13', 'BB Normal', '24', 'PEREMPUAN', '103.1', 'NORMAL', 'PEREMPUAN', '42\r', '', NULL, NULL),
	(391, '13.3', 'BB Normal', '25', 'PEREMPUAN', '103.8', 'NORMAL', 'PEREMPUAN', '43\r', '', NULL, NULL),
	(392, '13.5', 'BB Normal', '26', 'PEREMPUAN', '104.5', 'NORMAL', 'PEREMPUAN', '44\r', '', NULL, NULL),
	(393, '13.7', 'BB Normal', '27', 'PEREMPUAN', '105.1', 'NORMAL', 'PEREMPUAN', '45\r', '', NULL, NULL),
	(394, '14', 'BB Normal', '28', 'PEREMPUAN', '105.8', 'NORMAL', 'PEREMPUAN', '46\r', '', NULL, NULL),
	(395, '14.2', 'BB Normal', '29', 'PEREMPUAN', '106.4', 'NORMAL', 'PEREMPUAN', '47\r', '', NULL, NULL),
	(396, '14.4', 'BB Normal', '30', 'PEREMPUAN', '107', 'NORMAL', 'PEREMPUAN', '48\r', '', NULL, NULL),
	(397, '14.7', 'BB Normal', '31', 'PEREMPUAN', '107.7', 'NORMAL', 'PEREMPUAN', '49\r', '', NULL, NULL),
	(398, '14.9', 'BB Normal', '32', 'PEREMPUAN', '108.3', 'NORMAL', 'PEREMPUAN', '50\r', '', NULL, NULL),
	(399, '15.1', 'BB Normal', '33', 'PEREMPUAN', '108.9', 'NORMAL', 'PEREMPUAN', '51\r', '', NULL, NULL),
	(400, '15.4', 'BB Normal', '34', 'PEREMPUAN', '109.5', 'NORMAL', 'PEREMPUAN', '52\r', '', NULL, NULL),
	(401, '15.6', 'BB Normal', '35', 'PEREMPUAN', '110.1', 'NORMAL', 'PEREMPUAN', '53\r', '', NULL, NULL),
	(402, '15.8', 'BB Normal', '36', 'PEREMPUAN', '110.7', 'NORMAL', 'PEREMPUAN', '54\r', '', NULL, NULL),
	(403, '16', 'BB Normal', '37', 'PEREMPUAN', '111.3', 'NORMAL', 'PEREMPUAN', '55\r', '', NULL, NULL),
	(404, '16.3', 'BB Normal', '38', 'PEREMPUAN', '111.9', 'NORMAL', 'PEREMPUAN', '56\r', '', NULL, NULL),
	(405, '16.5', 'BB Normal', '39', 'PEREMPUAN', '112.5', 'NORMAL', 'PEREMPUAN', '57\r', '', NULL, NULL),
	(406, '16.7', 'BB Normal', '40', 'PEREMPUAN', '113', 'NORMAL', 'PEREMPUAN', '58\r', '', NULL, NULL),
	(407, '16.9', 'BB Normal', '41', 'PEREMPUAN', '113.6', 'NORMAL', 'PEREMPUAN', '59\r', '', NULL, NULL),
	(408, '17.2', 'BB Normal', '42', 'PEREMPUAN', '114.2', 'NORMAL', 'PEREMPUAN', '60\r', '', NULL, NULL),
	(409, '17.4', 'BB Normal', '43', 'PEREMPUAN', '', '', '', '\r', '', NULL, NULL),
	(410, '17.6', 'BB Normal', '44', 'PEREMPUAN', '', '', '', '\r', '', NULL, NULL),
	(411, '17.8', 'BB Normal', '45', 'PEREMPUAN', '', '', '', '\r', '', NULL, NULL),
	(412, '18.1', 'BB Normal', '46', 'PEREMPUAN', '', '', '', '\r', '', NULL, NULL),
	(413, '18.3', 'BB Normal', '47', 'PEREMPUAN', '', '', '', '\r', '', NULL, NULL),
	(414, '18.5', 'BB Normal', '48', 'PEREMPUAN', '', '', '', '\r', '', NULL, NULL),
	(415, '18.8', 'BB Normal', '49', 'PEREMPUAN', '', '', '', '\r', '', NULL, NULL),
	(416, '19', 'BB Normal', '50', 'PEREMPUAN', '', '', '', '\r', '', NULL, NULL),
	(417, '19.2', 'BB Normal', '51', 'PEREMPUAN', '', '', '', '\r', '', NULL, NULL),
	(418, '19.4', 'BB Normal', '52', 'PEREMPUAN', '', '', '', '\r', '', NULL, NULL),
	(419, '19.7', 'BB Normal', '53', 'PEREMPUAN', '', '', '', '\r', '', NULL, NULL),
	(420, '19.9', 'BB Normal', '54', 'PEREMPUAN', '', '', '', '\r', '', NULL, NULL),
	(421, '20.1', 'BB Normal', '55', 'PEREMPUAN', '', '', '', '\r', '', NULL, NULL),
	(422, '20.3', 'BB Normal', '56', 'PEREMPUAN', '', '', '', '\r', '', NULL, NULL),
	(423, '20.6', 'BB Normal', '57', 'PEREMPUAN', '', '', '', '\r', '', NULL, NULL),
	(424, '20.8', 'BB Normal', '58', 'PEREMPUAN', '', '', '', '\r', '', NULL, NULL),
	(425, '21', 'BB Normal', '59', 'PEREMPUAN', '', '', '', '\r', '', NULL, NULL),
	(426, '21.2', 'BB Normal', '60', 'PEREMPUAN', '', '', '', '\r', '', NULL, NULL),
	(427, '4.8', 'BB Lebih', '0', 'PEREMPUAN', '', '', '', '\r', '', NULL, NULL),
	(428, '6.2', 'BB Lebih', '1', 'PEREMPUAN', '', '', '', '\r', '', NULL, NULL),
	(429, '7.5', 'BB Lebih', '2', 'PEREMPUAN', '', '', '', '\r', '', NULL, NULL),
	(430, '8.5', 'BB Lebih', '3', 'PEREMPUAN', '', '', '', '\r', '', NULL, NULL),
	(431, '9.3', 'BB Lebih', '4', 'PEREMPUAN', '', '', '', '\r', '', NULL, NULL),
	(432, '10', 'BB Lebih', '5', 'PEREMPUAN', '', '', '', '\r', '', NULL, NULL),
	(433, '10.6', 'BB Lebih', '6', 'PEREMPUAN', '', '', '', '\r', '', NULL, NULL),
	(434, '11.1', 'BB Lebih', '7', 'PEREMPUAN', '', '', '', '\r', '', NULL, NULL),
	(435, '11.6', 'BB Lebih', '8', 'PEREMPUAN', '', '', '', '\r', '', NULL, NULL),
	(436, '12', 'BB Lebih', '9', 'PEREMPUAN', '', '', '', '\r', '', NULL, NULL),
	(437, '12.4', 'BB Lebih', '10', 'PEREMPUAN', '', '', '', '\r', '', NULL, NULL),
	(438, '12.8', 'BB Lebih', '11', 'PEREMPUAN', '', '', '', '\r', '', NULL, NULL),
	(439, '13.1', 'BB Lebih', '12', 'PEREMPUAN', '', '', '', '\r', '', NULL, NULL),
	(440, '13.5', 'BB Lebih', '13', 'PEREMPUAN', '', '', '', '\r', '', NULL, NULL),
	(441, '13.8', 'BB Lebih', '14', 'PEREMPUAN', '', '', '', '\r', '', NULL, NULL),
	(442, '14.1', 'BB Lebih', '15', 'PEREMPUAN', '', '', '', '\r', '', NULL, NULL),
	(443, '14.5', 'BB Lebih', '16', 'PEREMPUAN', '', '', '', '\r', '', NULL, NULL),
	(444, '14.8', 'BB Lebih', '17', 'PEREMPUAN', '', '', '', '\r', '', NULL, NULL),
	(445, '15.1', 'BB Lebih', '18', 'PEREMPUAN', '', '', '', '\r', '', NULL, NULL),
	(446, '15.4', 'BB Lebih', '19', 'PEREMPUAN', '', '', '', '\r', '', NULL, NULL),
	(447, '15.7', 'BB Lebih', '20', 'PEREMPUAN', '', '', '', '\r', '', NULL, NULL),
	(448, '16', 'BB Lebih', '21', 'PEREMPUAN', '', '', '', '\r', '', NULL, NULL),
	(449, '16.4', 'BB Lebih', '22', 'PEREMPUAN', '', '', '', '\r', '', NULL, NULL),
	(450, '16.7', 'BB Lebih', '23', 'PEREMPUAN', '', '', '', '\r', '', NULL, NULL),
	(451, '17', 'BB Lebih', '24', 'PEREMPUAN', '', '', '', '\r', '', NULL, NULL),
	(452, '17.3', 'BB Lebih', '25', 'PEREMPUAN', '', '', '', '\r', '', NULL, NULL),
	(453, '17.7', 'BB Lebih', '26', 'PEREMPUAN', '', '', '', '\r', '', NULL, NULL),
	(454, '18', 'BB Lebih', '27', 'PEREMPUAN', '', '', '', '\r', '', NULL, NULL),
	(455, '18.3', 'BB Lebih', '28', 'PEREMPUAN', '', '', '', '\r', '', NULL, NULL),
	(456, '18.7', 'BB Lebih', '29', 'PEREMPUAN', '', '', '', '\r', '', NULL, NULL),
	(457, '19', 'BB Lebih', '30', 'PEREMPUAN', '', '', '', '\r', '', NULL, NULL),
	(458, '19.3', 'BB Lebih', '31', 'PEREMPUAN', '', '', '', '\r', '', NULL, NULL),
	(459, '19.6', 'BB Lebih', '32', 'PEREMPUAN', '', '', '', '\r', '', NULL, NULL),
	(460, '20', 'BB Lebih', '33', 'PEREMPUAN', '', '', '', '\r', '', NULL, NULL),
	(461, '20.3', 'BB Lebih', '34', 'PEREMPUAN', '', '', '', '\r', '', NULL, NULL),
	(462, '20.6', 'BB Lebih', '35', 'PEREMPUAN', '', '', '', '\r', '', NULL, NULL),
	(463, '20.9', 'BB Lebih', '36', 'PEREMPUAN', '', '', '', '\r', '', NULL, NULL),
	(464, '21.3', 'BB Lebih', '37', 'PEREMPUAN', '', '', '', '\r', '', NULL, NULL),
	(465, '21.6', 'BB Lebih', '38', 'PEREMPUAN', '', '', '', '\r', '', NULL, NULL),
	(466, '22', 'BB Lebih', '39', 'PEREMPUAN', '', '', '', '\r', '', NULL, NULL),
	(467, '22.3', 'BB Lebih', '40', 'PEREMPUAN', '', '', '', '\r', '', NULL, NULL),
	(468, '22.7', 'BB Lebih', '41', 'PEREMPUAN', '', '', '', '\r', '', NULL, NULL),
	(469, '23', 'BB Lebih', '42', 'PEREMPUAN', '', '', '', '\r', '', NULL, NULL),
	(470, '23.4', 'BB Lebih', '43', 'PEREMPUAN', '', '', '', '\r', '', NULL, NULL),
	(471, '23.7', 'BB Lebih', '44', 'PEREMPUAN', '', '', '', '\r', '', NULL, NULL),
	(472, '24.1', 'BB Lebih', '45', 'PEREMPUAN', '', '', '', '\r', '', NULL, NULL),
	(473, '24.5', 'BB Lebih', '46', 'PEREMPUAN', '', '', '', '\r', '', NULL, NULL),
	(474, '24.8', 'BB Lebih', '47', 'PEREMPUAN', '', '', '', '\r', '', NULL, NULL),
	(475, '25.2', 'BB Lebih', '48', 'PEREMPUAN', '', '', '', '\r', '', NULL, NULL),
	(476, '25.5', 'BB Lebih', '49', 'PEREMPUAN', '', '', '', '\r', '', NULL, NULL),
	(477, '25.9', 'BB Lebih', '50', 'PEREMPUAN', '', '', '', '\r', '', NULL, NULL),
	(478, '26.3', 'BB Lebih', '51', 'PEREMPUAN', '', '', '', '\r', '', NULL, NULL),
	(479, '26.6', 'BB Lebih', '52', 'PEREMPUAN', '', '', '', '\r', '', NULL, NULL),
	(480, '27', 'BB Lebih', '53', 'PEREMPUAN', '', '', '', '\r', '', NULL, NULL),
	(481, '27.4', 'BB Lebih', '54', 'PEREMPUAN', '', '', '', '\r', '', NULL, NULL),
	(482, '27.7', 'BB Lebih', '55', 'PEREMPUAN', '', '', '', '\r', '', NULL, NULL),
	(483, '28.1', 'BB Lebih', '56', 'PEREMPUAN', '', '', '', '\r', '', NULL, NULL),
	(484, '28.5', 'BB Lebih', '57', 'PEREMPUAN', '', '', '', '\r', '', NULL, NULL),
	(485, '28.8', 'BB Lebih', '58', 'PEREMPUAN', '', '', '', '\r', '', NULL, NULL),
	(486, '29.2', 'BB Lebih', '59', 'PEREMPUAN', '', '', '', '\r', '', NULL, NULL),
	(487, '29.5', 'BB Lebih', '60', 'PEREMPUAN', '', '', '', '\r', '', NULL, NULL);

CREATE TABLE IF NOT EXISTS `kliniks` (
  `id` bigint(20) unsigned NOT NULL AUTO_INCREMENT,
  `nama_klinik` varchar(255) COLLATE utf8mb4_unicode_ci NOT NULL,
  `Alamat` text COLLATE utf8mb4_unicode_ci NOT NULL,
  `no_telepon` text COLLATE utf8mb4_unicode_ci NOT NULL,
  `created_at` timestamp NULL DEFAULT NULL,
  `updated_at` timestamp NULL DEFAULT NULL,
  PRIMARY KEY (`id`)
) ENGINE=InnoDB DEFAULT CHARSET=utf8mb4 COLLATE=utf8mb4_unicode_ci;


CREATE TABLE IF NOT EXISTS `migrations` (
  `id` int(10) unsigned NOT NULL AUTO_INCREMENT,
  `migration` varchar(255) COLLATE utf8mb4_unicode_ci NOT NULL,
  `batch` int(11) NOT NULL,
  PRIMARY KEY (`id`)
) ENGINE=InnoDB AUTO_INCREMENT=20 DEFAULT CHARSET=utf8mb4 COLLATE=utf8mb4_unicode_ci;

INSERT INTO `migrations` (`id`, `migration`, `batch`) VALUES
	(1, '2014_10_12_000000_create_users_table', 1),
	(2, '2014_10_12_100000_create_password_reset_tokens_table', 1),
	(3, '2014_10_12_100000_create_password_resets_table', 1),
	(4, '2019_08_19_000000_create_failed_jobs_table', 1),
	(5, '2019_12_14_000001_create_personal_access_tokens_table', 1),
	(6, '2023_05_18_061410_create_permission_tables', 1),
	(7, '2023_05_18_061612_create_products_table', 1),
	(8, '2023_05_18_142448_create_kliniks_table', 1),
	(9, '2023_05_18_142712_create_pendaftaran_pasiens_table', 1),
	(10, '2023_05_18_145752_create_antrians_table', 1),
	(11, '2023_05_18_195515_create_vital_signs_table', 1),
	(12, '2023_05_19_073511_create_obats_table', 1),
	(13, '2023_05_19_073634_create_tindakan_medis_table', 1),
	(14, '2023_05_20_101806_create_pembayarans_table', 1),
	(15, '2023_05_24_073211_add_deleted_at_to_vitalsign', 2),
	(16, '2023_07_02_131922_create_gizi_bayi_table', 3),
	(17, '2023_07_02_142229_create_data_bayis_table', 4),
	(18, '2023_07_02_143639_create_decision_tree_data_table', 5),
	(19, '2023_07_14_104140_create_data_bayi_posyandus_table', 6);

CREATE TABLE IF NOT EXISTS `mining_c45` (
  `id_mining` int(10) NOT NULL AUTO_INCREMENT,
  `id_data_atribut2` int(5) NOT NULL,
  `jml_kasus_total` int(10) NOT NULL,
  `jml_kasus_do` varchar(5) NOT NULL,
  `jml_kasus_aktif` varchar(5) NOT NULL,
  `entropy` varchar(10) NOT NULL,
  `info_gain` varchar(10) NOT NULL,
  PRIMARY KEY (`id_mining`),
  KEY `id_data_atribut2` (`id_data_atribut2`)
) ENGINE=InnoDB AUTO_INCREMENT=8 DEFAULT CHARSET=utf8mb4;

INSERT INTO `mining_c45` (`id_mining`, `id_data_atribut2`, `jml_kasus_total`, `jml_kasus_do`, `jml_kasus_aktif`, `entropy`, `info_gain`) VALUES
	(1, 29, 100, '38', '62', '0.958', ''),
	(2, 28, 41, '0', '41', '0', '0.958'),
	(3, 27, 20, '0', '20', '0', '0.958'),
	(4, 26, 37, '37', '0', '0', '0.958'),
	(5, 25, 89, '29', '60', '0.9106', '0.12'),
	(6, 24, 3, '2', '1', '0.9183', '0.12'),
	(7, 23, 5, '5', '0', '0', '0.12');

CREATE TABLE IF NOT EXISTS `model_has_permissions` (
  `permission_id` bigint(20) unsigned NOT NULL,
  `model_type` varchar(255) COLLATE utf8mb4_unicode_ci NOT NULL,
  `model_id` bigint(20) unsigned NOT NULL,
  PRIMARY KEY (`permission_id`,`model_id`,`model_type`),
  KEY `model_has_permissions_model_id_model_type_index` (`model_id`,`model_type`),
  CONSTRAINT `model_has_permissions_permission_id_foreign` FOREIGN KEY (`permission_id`) REFERENCES `permissions` (`id`) ON DELETE CASCADE
) ENGINE=InnoDB DEFAULT CHARSET=utf8mb4 COLLATE=utf8mb4_unicode_ci;


CREATE TABLE IF NOT EXISTS `model_has_roles` (
  `role_id` bigint(20) unsigned NOT NULL,
  `model_type` varchar(255) COLLATE utf8mb4_unicode_ci NOT NULL,
  `model_id` bigint(20) unsigned NOT NULL,
  PRIMARY KEY (`role_id`,`model_id`,`model_type`),
  KEY `model_has_roles_model_id_model_type_index` (`model_id`,`model_type`),
  CONSTRAINT `model_has_roles_role_id_foreign` FOREIGN KEY (`role_id`) REFERENCES `roles` (`id`) ON DELETE CASCADE
) ENGINE=InnoDB DEFAULT CHARSET=utf8mb4 COLLATE=utf8mb4_unicode_ci;

INSERT INTO `model_has_roles` (`role_id`, `model_type`, `model_id`) VALUES
	(1, 'App\\Models\\User', 1),
	(1, 'App\\Models\\User', 12),
	(2, 'App\\Models\\User', 2),
	(3, 'App\\Models\\User', 3),
	(4, 'App\\Models\\User', 8),
	(5, 'App\\Models\\User', 4),
	(5, 'App\\Models\\User', 5),
	(5, 'App\\Models\\User', 22),
	(6, 'App\\Models\\User', 6),
	(6, 'App\\Models\\User', 7),
	(6, 'App\\Models\\User', 9),
	(6, 'App\\Models\\User', 10),
	(6, 'App\\Models\\User', 13),
	(6, 'App\\Models\\User', 14),
	(6, 'App\\Models\\User', 15),
	(6, 'App\\Models\\User', 17),
	(6, 'App\\Models\\User', 18),
	(6, 'App\\Models\\User', 19),
	(6, 'App\\Models\\User', 20),
	(6, 'App\\Models\\User', 21);

CREATE TABLE IF NOT EXISTS `nilai_atribut` (
  `id_data_atribut` int(11) NOT NULL AUTO_INCREMENT,
  `id_atribut2` int(5) NOT NULL,
  `nilai` varchar(30) CHARACTER SET latin1 NOT NULL,
  PRIMARY KEY (`id_data_atribut`),
  KEY `id_atribut2` (`id_atribut2`),
  CONSTRAINT `nilai_atribut_ibfk_1` FOREIGN KEY (`id_atribut2`) REFERENCES `atribut` (`id_atribut`)
) ENGINE=InnoDB AUTO_INCREMENT=51 DEFAULT CHARSET=utf8mb4;

INSERT INTO `nilai_atribut` (`id_data_atribut`, `id_atribut2`, `nilai`) VALUES
	(23, 104, 'Kurang Memuaskan'),
	(24, 104, 'Memuaskan'),
	(25, 104, 'Sangat Memuaskan'),
	(26, 105, 'Tidak Baik'),
	(27, 105, 'Baik'),
	(28, 105, 'Sangat Baik'),
	(29, 106, 'Total');

CREATE TABLE IF NOT EXISTS `obats` (
  `id_obat` bigint(20) unsigned NOT NULL AUTO_INCREMENT,
  `nama_obat` varchar(255) COLLATE utf8mb4_unicode_ci NOT NULL,
  `harga_obat` bigint(20) unsigned NOT NULL,
  `created_at` timestamp NULL DEFAULT NULL,
  `updated_at` timestamp NULL DEFAULT NULL,
  PRIMARY KEY (`id_obat`)
) ENGINE=InnoDB AUTO_INCREMENT=3 DEFAULT CHARSET=utf8mb4 COLLATE=utf8mb4_unicode_ci;

INSERT INTO `obats` (`id_obat`, `nama_obat`, `harga_obat`, `created_at`, `updated_at`) VALUES
	(1, 'mixagrip', 200000, '2023-05-20 07:00:50', '2023-05-20 07:00:50'),
	(2, 'paracetamol', 200000, '2023-05-20 07:00:59', '2023-05-20 07:00:59');

CREATE TABLE IF NOT EXISTS `partisi_data` (
  `id_partisi` int(5) NOT NULL AUTO_INCREMENT,
  `partisi` int(5) NOT NULL,
  `training_do` int(5) NOT NULL,
  `testing_do` int(5) NOT NULL,
  `training_aktif` int(5) NOT NULL,
  `testing_aktif` int(5) NOT NULL,
  PRIMARY KEY (`id_partisi`)
) ENGINE=InnoDB AUTO_INCREMENT=2 DEFAULT CHARSET=utf8mb4;

INSERT INTO `partisi_data` (`id_partisi`, `partisi`, `training_do`, `testing_do`, `training_aktif`, `testing_aktif`) VALUES
	(1, 70, 38, 16, 62, 27);

CREATE TABLE IF NOT EXISTS `password_resets` (
  `email` varchar(255) COLLATE utf8mb4_unicode_ci NOT NULL,
  `token` varchar(255) COLLATE utf8mb4_unicode_ci NOT NULL,
  `created_at` timestamp NULL DEFAULT NULL,
  KEY `password_resets_email_index` (`email`)
) ENGINE=InnoDB DEFAULT CHARSET=utf8mb4 COLLATE=utf8mb4_unicode_ci;


CREATE TABLE IF NOT EXISTS `password_reset_tokens` (
  `email` varchar(255) COLLATE utf8mb4_unicode_ci NOT NULL,
  `token` varchar(255) COLLATE utf8mb4_unicode_ci NOT NULL,
  `created_at` timestamp NULL DEFAULT NULL,
  PRIMARY KEY (`email`)
) ENGINE=InnoDB DEFAULT CHARSET=utf8mb4 COLLATE=utf8mb4_unicode_ci;


CREATE TABLE IF NOT EXISTS `pembayarans` (
  `id_pembayaran` bigint(20) unsigned NOT NULL AUTO_INCREMENT,
  `id_detail_tindakan_medis` bigint(20) unsigned NOT NULL,
  `Tanggal_Pembayaran` date NOT NULL,
  `total_pembayaran` varchar(50) COLLATE utf8mb4_unicode_ci NOT NULL DEFAULT '',
  `metode_pembayaran` varchar(255) COLLATE utf8mb4_unicode_ci NOT NULL,
  `cashless_details` varchar(255) COLLATE utf8mb4_unicode_ci DEFAULT NULL,
  `created_at` timestamp NULL DEFAULT NULL,
  `updated_at` timestamp NULL DEFAULT NULL,
  `created_by` varchar(255) COLLATE utf8mb4_unicode_ci DEFAULT NULL,
  PRIMARY KEY (`id_pembayaran`),
  KEY `pembayarans_id_detail_tindakan_medis_foreign` (`id_detail_tindakan_medis`),
  CONSTRAINT `pembayarans_id_detail_tindakan_medis_foreign` FOREIGN KEY (`id_detail_tindakan_medis`) REFERENCES `detail_tindakan_medis` (`id`) ON DELETE CASCADE
) ENGINE=InnoDB AUTO_INCREMENT=11 DEFAULT CHARSET=utf8mb4 COLLATE=utf8mb4_unicode_ci;

INSERT INTO `pembayarans` (`id_pembayaran`, `id_detail_tindakan_medis`, `Tanggal_Pembayaran`, `total_pembayaran`, `metode_pembayaran`, `cashless_details`, `created_at`, `updated_at`, `created_by`) VALUES
	(1, 1, '2023-05-20', '400000.00', 'Cash', NULL, '2023-05-20 07:23:31', '2023-05-20 07:23:31', 'websolutionstuff'),
	(2, 3, '2023-05-21', 'Rp 400.000', 'Cashless', NULL, '2023-05-20 10:16:55', '2023-05-20 10:16:55', '5');

CREATE TABLE IF NOT EXISTS `pendaftaran_pasiens` (
  `id` bigint(20) unsigned NOT NULL AUTO_INCREMENT,
  `Nama_pasien` varchar(255) COLLATE utf8mb4_unicode_ci NOT NULL,
  `Alamat` text COLLATE utf8mb4_unicode_ci NOT NULL,
  `tanggal_pendaftaran` date NOT NULL,
  `waktu_pendaftaran` time NOT NULL,
  `jenis_kelamin` varchar(255) COLLATE utf8mb4_unicode_ci NOT NULL,
  `created_by` varchar(255) COLLATE utf8mb4_unicode_ci NOT NULL,
  `updated_by` varchar(255) COLLATE utf8mb4_unicode_ci DEFAULT NULL,
  `role_id` bigint(20) unsigned NOT NULL,
  `klinik_id` bigint(20) unsigned DEFAULT NULL,
  `user_id` bigint(20) unsigned NOT NULL,
  `created_at` timestamp NULL DEFAULT NULL,
  `updated_at` timestamp NULL DEFAULT NULL,
  PRIMARY KEY (`id`),
  KEY `pendaftaran_pasiens_klinik_id_foreign` (`klinik_id`),
  KEY `pendaftaran_pasiens_role_id_foreign` (`role_id`),
  KEY `pendaftaran_pasiens_user_id_foreign` (`user_id`),
  CONSTRAINT `pendaftaran_pasiens_klinik_id_foreign` FOREIGN KEY (`klinik_id`) REFERENCES `kliniks` (`id`) ON DELETE CASCADE,
  CONSTRAINT `pendaftaran_pasiens_role_id_foreign` FOREIGN KEY (`role_id`) REFERENCES `roles` (`id`) ON DELETE CASCADE,
  CONSTRAINT `pendaftaran_pasiens_user_id_foreign` FOREIGN KEY (`user_id`) REFERENCES `users` (`id`) ON DELETE CASCADE
) ENGINE=InnoDB AUTO_INCREMENT=22 DEFAULT CHARSET=utf8mb4 COLLATE=utf8mb4_unicode_ci;

INSERT INTO `pendaftaran_pasiens` (`id`, `Nama_pasien`, `Alamat`, `tanggal_pendaftaran`, `waktu_pendaftaran`, `jenis_kelamin`, `created_by`, `updated_by`, `role_id`, `klinik_id`, `user_id`, `created_at`, `updated_at`) VALUES
	(1, 'sani', 'bandung', '2023-05-20', '21:01:00', 'Perempuan', 'websolutionstuff', 'websolutionstuff', 1, NULL, 1, '2023-05-20 07:02:38', '2023-05-20 07:09:34'),
	(2, 'ridwan muhammad', 'bandung', '2023-05-20', '23:59:00', 'Perempuan', 'ridwan', 'rayhan', 2, NULL, 6, '2023-04-20 09:59:05', '2023-05-20 10:14:08'),
	(5, 'sani swandika', 'bandung', '2023-05-21', '15:11:00', 'Laki-Laki', 'websolutionstuff', 'websolutionstuff', 1, NULL, 1, '2023-05-21 01:12:05', '2023-05-21 01:52:43'),
	(6, 'saniswandika', 'jln.bandung', '2023-05-21', '19:01:00', 'laki-laki', 'saniswandika', NULL, 6, NULL, 7, '2023-05-21 05:02:33', '2023-05-21 05:02:33'),
	(7, 'saniswandika', 'jln.bandung1234', '2023-05-21', '19:27:00', 'Laki-Laki', 'saniswandika', NULL, 6, NULL, 7, '2023-05-21 05:27:05', '2023-05-21 05:27:05'),
	(8, 'sani swandika', 'sadsdasdas', '2023-05-21', '21:28:00', 'Laki-Laki', 'websolutionstuff', NULL, 1, NULL, 1, '2023-05-21 07:28:24', '2023-05-21 07:28:24'),
	(9, 'sani swandika', 'sadsdasdas', '2023-05-21', '21:28:00', 'Laki-Laki', 'websolutionstuff', NULL, 1, NULL, 1, '2023-05-21 07:29:14', '2023-05-21 07:29:14'),
	(10, 'rayhan jundi addinalloh', 'asdadsa', '2023-05-21', '21:30:00', 'Laki-Laki', 'websolutionstuff', NULL, 1, NULL, 1, '2023-05-21 07:30:33', '2023-05-21 07:30:33'),
	(11, 'rayhan jundi addinalloh', 'asdadsa', '2023-05-21', '21:30:00', 'Laki-Laki', 'websolutionstuff', NULL, 1, NULL, 1, '2023-05-21 07:30:58', '2023-05-21 07:30:58'),
	(12, 'rayhan jundi addinalloh', 'asdadsa', '2023-05-21', '21:30:00', 'Laki-Laki', 'websolutionstuff', NULL, 1, NULL, 1, '2023-05-21 07:32:06', '2023-05-21 07:32:06'),
	(13, 'ridwan dadu', 'asdsasd', '2023-05-21', '21:32:00', 'Laki-Laki', 'websolutionstuff', NULL, 1, NULL, 1, '2023-05-21 07:32:44', '2023-05-21 07:32:44'),
	(14, 'basir', 'basir', '2023-05-22', '10:21:00', 'laki-laki', 'basir', NULL, 6, NULL, 13, '2023-05-21 20:21:59', '2023-05-21 20:21:59'),
	(15, 'rayhan', 'paadalarang', '2023-05-22', '11:02:00', 'laki-laki', 'rayhan', NULL, 6, NULL, 14, '2023-05-21 21:02:48', '2023-05-21 21:02:48'),
	(16, 'anggi', 'rancaekek', '2023-05-22', '14:48:00', 'laki-laki', 'anggi', NULL, 6, NULL, 15, '2023-05-22 00:48:46', '2023-05-22 00:48:46'),
	(17, 'hadi', 'bandung', '2023-05-24', '12:10:00', 'laki-laki', 'hadi', NULL, 6, NULL, 17, '2023-05-23 22:10:44', '2023-05-23 22:10:44'),
	(18, 'swandika12', 'jln rancaekek no.12', '2023-05-24', '13:16:00', 'laki-laki', 'swandika12', 'swandika12', 6, NULL, 19, '2023-05-23 23:16:08', '2023-05-23 23:16:55'),
	(19, 'dika', '12345678', '2023-05-24', '13:55:00', 'Laki-Laki', 'websolutionstuff', NULL, 1, NULL, 1, '2023-05-23 23:56:07', '2023-05-23 23:56:07'),
	(20, 'nurhuda', 'bandung', '2023-05-24', '14:09:00', 'laki-laki', 'nurhuda', NULL, 6, NULL, 20, '2023-05-24 00:09:30', '2023-05-24 00:09:30'),
	(21, 'sani swandika', 'dago,bandung', '2023-06-30', '16:55:00', 'Perempuan', 'sani swandika', NULL, 6, NULL, 21, '2023-06-30 09:55:47', '2023-06-30 09:55:47');

CREATE TABLE `perbandingan` (
	`nim` BIGINT(10) NOT NULL,
	`nama_mahasiswa` VARCHAR(34) NULL COLLATE 'utf8_general_ci',
	`nilai_ipk` DECIMAL(3,2) NULL,
	`kompensasi` INT(5) NULL,
	`class` VARCHAR(10) NULL COLLATE 'utf8_general_ci',
	`keputusan` VARCHAR(25) NOT NULL COLLATE 'utf8mb4_general_ci',
	`status` VARCHAR(20) NOT NULL COLLATE 'utf8_general_ci'
) ENGINE=MyISAM;

CREATE TABLE IF NOT EXISTS `permissions` (
  `id` bigint(20) unsigned NOT NULL AUTO_INCREMENT,
  `name` varchar(255) COLLATE utf8mb4_unicode_ci NOT NULL,
  `guard_name` varchar(255) COLLATE utf8mb4_unicode_ci NOT NULL,
  `created_at` timestamp NULL DEFAULT NULL,
  `updated_at` timestamp NULL DEFAULT NULL,
  PRIMARY KEY (`id`),
  UNIQUE KEY `permissions_name_guard_name_unique` (`name`,`guard_name`)
) ENGINE=InnoDB AUTO_INCREMENT=16 DEFAULT CHARSET=utf8mb4 COLLATE=utf8mb4_unicode_ci;

INSERT INTO `permissions` (`id`, `name`, `guard_name`, `created_at`, `updated_at`) VALUES
	(1, 'role-list', 'web', '2023-05-20 06:56:51', '2023-05-20 06:56:51'),
	(2, 'role-create', 'web', '2023-05-20 06:56:51', '2023-05-20 06:56:51'),
	(3, 'role-edit', 'web', '2023-05-20 06:56:51', '2023-05-20 06:56:51'),
	(4, 'role-delete', 'web', '2023-05-20 06:56:51', '2023-05-20 06:56:51'),
	(5, 'product-list', 'web', '2023-05-20 06:56:51', '2023-05-20 06:56:51'),
	(6, 'product-create', 'web', '2023-05-20 06:56:51', '2023-05-20 06:56:51'),
	(7, 'product-edit', 'web', '2023-05-20 06:56:51', '2023-05-20 06:56:51'),
	(8, 'product-delete', 'web', '2023-05-20 06:56:51', '2023-05-20 06:56:51'),
	(9, 'users-list', 'web', '2023-05-20 06:56:51', '2023-05-20 06:56:51'),
	(11, 'vitalSign-list', 'web', '2023-05-20 06:56:51', '2023-05-20 06:56:51'),
	(12, 'pembayaran-list', 'web', '2023-05-20 06:56:51', '2023-05-20 06:56:51'),
	(13, 'tindakanMedis-list', 'web', '2023-05-20 06:56:51', '2023-05-20 06:56:51'),
	(14, 'pendaftaranPasien-list', 'web', '2023-05-20 06:56:51', '2023-05-20 06:56:51'),
	(15, 'klinik-list', 'web', '2023-05-20 06:56:51', '2023-05-20 06:56:51');

CREATE TABLE IF NOT EXISTS `personal_access_tokens` (
  `id` bigint(20) unsigned NOT NULL AUTO_INCREMENT,
  `tokenable_type` varchar(255) COLLATE utf8mb4_unicode_ci NOT NULL,
  `tokenable_id` bigint(20) unsigned NOT NULL,
  `name` varchar(255) COLLATE utf8mb4_unicode_ci NOT NULL,
  `token` varchar(64) COLLATE utf8mb4_unicode_ci NOT NULL,
  `abilities` text COLLATE utf8mb4_unicode_ci DEFAULT NULL,
  `last_used_at` timestamp NULL DEFAULT NULL,
  `expires_at` timestamp NULL DEFAULT NULL,
  `created_at` timestamp NULL DEFAULT NULL,
  `updated_at` timestamp NULL DEFAULT NULL,
  PRIMARY KEY (`id`),
  UNIQUE KEY `personal_access_tokens_token_unique` (`token`),
  KEY `personal_access_tokens_tokenable_type_tokenable_id_index` (`tokenable_type`,`tokenable_id`)
) ENGINE=InnoDB DEFAULT CHARSET=utf8mb4 COLLATE=utf8mb4_unicode_ci;


CREATE TABLE `pohon` (
	`id_rule_c45` BIGINT(10) NOT NULL,
	`atribut` VARCHAR(30) NOT NULL COLLATE 'utf8mb4_general_ci',
	`nilai` VARCHAR(30) NOT NULL COLLATE 'latin1_swedish_ci',
	`keputusan` VARCHAR(25) NOT NULL COLLATE 'utf8mb4_general_ci'
) ENGINE=MyISAM;

CREATE TABLE IF NOT EXISTS `products` (
  `id` bigint(20) unsigned NOT NULL AUTO_INCREMENT,
  `name` varchar(255) COLLATE utf8mb4_unicode_ci NOT NULL,
  `detail` text COLLATE utf8mb4_unicode_ci NOT NULL,
  `created_at` timestamp NULL DEFAULT NULL,
  `updated_at` timestamp NULL DEFAULT NULL,
  PRIMARY KEY (`id`)
) ENGINE=InnoDB DEFAULT CHARSET=utf8mb4 COLLATE=utf8mb4_unicode_ci;


CREATE TABLE IF NOT EXISTS `roles` (
  `id` bigint(20) unsigned NOT NULL AUTO_INCREMENT,
  `name` varchar(255) COLLATE utf8mb4_unicode_ci NOT NULL,
  `guard_name` varchar(255) COLLATE utf8mb4_unicode_ci NOT NULL,
  `created_at` timestamp NULL DEFAULT NULL,
  `updated_at` timestamp NULL DEFAULT NULL,
  PRIMARY KEY (`id`),
  UNIQUE KEY `roles_name_guard_name_unique` (`name`,`guard_name`)
) ENGINE=InnoDB AUTO_INCREMENT=7 DEFAULT CHARSET=utf8mb4 COLLATE=utf8mb4_unicode_ci;

INSERT INTO `roles` (`id`, `name`, `guard_name`, `created_at`, `updated_at`) VALUES
	(1, 'Admin', 'web', '2023-05-20 06:56:55', '2023-05-20 06:56:55'),
	(2, 'Dokter', 'web', '2023-05-20 06:59:21', '2023-05-20 06:59:21'),
	(3, 'perawat', 'web', '2023-05-20 06:59:31', '2023-05-20 06:59:31'),
	(4, 'klinik', 'web', '2023-05-20 06:59:49', '2023-05-20 06:59:49'),
	(5, 'kasir', 'web', '2023-05-20 07:00:13', '2023-05-20 07:00:13'),
	(6, 'pasien', 'web', '2023-05-20 09:56:49', '2023-05-20 09:56:49');

CREATE TABLE IF NOT EXISTS `role_has_permissions` (
  `permission_id` bigint(20) unsigned NOT NULL,
  `role_id` bigint(20) unsigned NOT NULL,
  PRIMARY KEY (`permission_id`,`role_id`),
  KEY `role_has_permissions_role_id_foreign` (`role_id`),
  CONSTRAINT `role_has_permissions_permission_id_foreign` FOREIGN KEY (`permission_id`) REFERENCES `permissions` (`id`) ON DELETE CASCADE,
  CONSTRAINT `role_has_permissions_role_id_foreign` FOREIGN KEY (`role_id`) REFERENCES `roles` (`id`) ON DELETE CASCADE
) ENGINE=InnoDB DEFAULT CHARSET=utf8mb4 COLLATE=utf8mb4_unicode_ci;

INSERT INTO `role_has_permissions` (`permission_id`, `role_id`) VALUES
	(1, 1),
	(2, 1),
	(3, 1),
	(4, 1),
	(5, 1),
	(6, 1),
	(7, 1),
	(8, 1),
	(9, 1),
	(11, 1),
	(11, 3),
	(12, 1),
	(12, 5),
	(13, 1),
	(13, 2),
	(14, 1),
	(14, 6),
	(15, 1),
	(15, 4);

CREATE TABLE IF NOT EXISTS `rule_c45` (
  `id_rule_c45` bigint(10) NOT NULL AUTO_INCREMENT,
  `id_nilaiatribut` int(5) NOT NULL,
  `keputusan` varchar(25) NOT NULL,
  PRIMARY KEY (`id_rule_c45`),
  KEY `id_parent` (`id_nilaiatribut`)
) ENGINE=InnoDB AUTO_INCREMENT=484 DEFAULT CHARSET=utf8mb4;

INSERT INTO `rule_c45` (`id_rule_c45`, `id_nilaiatribut`, `keputusan`) VALUES
	(478, 28, 'AKTIF'),
	(479, 26, 'DO'),
	(480, 27, 'AKTIF'),
	(481, 26, 'DO'),
	(482, 27, 'AKTIF'),
	(483, 28, 'AKTIF');

CREATE TABLE IF NOT EXISTS `tindakan_medis` (
  `id_tindakan_medis` varchar(255) COLLATE utf8mb4_unicode_ci NOT NULL,
  `id_dokter` bigint(20) unsigned NOT NULL,
  `id_vitalsign` bigint(20) unsigned NOT NULL,
  `jenis_tindakan` varchar(255) COLLATE utf8mb4_unicode_ci NOT NULL,
  `hasil_tindakan` varchar(255) COLLATE utf8mb4_unicode_ci NOT NULL,
  `tanggal_tindakan` date NOT NULL,
  `created_by` varchar(255) COLLATE utf8mb4_unicode_ci NOT NULL DEFAULT '',
  `updated_by` varchar(255) COLLATE utf8mb4_unicode_ci NOT NULL DEFAULT '',
  `created_at` timestamp NULL DEFAULT NULL,
  `updated_at` timestamp NULL DEFAULT NULL,
  PRIMARY KEY (`id_tindakan_medis`),
  KEY `tindakan_medis_id_vitalsign_foreign` (`id_vitalsign`),
  KEY `tindakan_medis_id_dokter_foreign` (`id_dokter`),
  CONSTRAINT `tindakan_medis_id_dokter_foreign` FOREIGN KEY (`id_dokter`) REFERENCES `users` (`id`) ON DELETE CASCADE,
  CONSTRAINT `tindakan_medis_id_vitalsign_foreign` FOREIGN KEY (`id_vitalsign`) REFERENCES `vitalsign` (`id_vitalsign`) ON DELETE CASCADE
) ENGINE=InnoDB DEFAULT CHARSET=utf8mb4 COLLATE=utf8mb4_unicode_ci;

INSERT INTO `tindakan_medis` (`id_tindakan_medis`, `id_dokter`, `id_vitalsign`, `jenis_tindakan`, `hasil_tindakan`, `tanggal_tindakan`, `created_by`, `updated_by`, `created_at`, `updated_at`) VALUES
	('TM001', 2, 1, 'normal', 'normal', '2023-05-20', '', '', '2023-05-20 07:09:11', '2023-05-20 07:09:11'),
	('TM002', 2, 2, 'normal12344', 'normal', '2023-05-21', '', '', '2023-05-20 10:12:13', '2023-05-20 10:12:13');

CREATE TABLE IF NOT EXISTS `user` (
  `username` varchar(50) NOT NULL,
  `password` varchar(20) NOT NULL,
  `level` enum('Administrator','Mahasiswa') NOT NULL,
  `nama_lengkap` varchar(200) NOT NULL,
  `nim` varchar(50) DEFAULT NULL,
  PRIMARY KEY (`username`)
) ENGINE=InnoDB DEFAULT CHARSET=latin1;

INSERT INTO `user` (`username`, `password`, `level`, `nama_lengkap`, `nim`) VALUES
	('admin', 'admin', 'Administrator', 'Shafira Julie', NULL);

CREATE TABLE IF NOT EXISTS `users` (
  `id` bigint(20) unsigned NOT NULL AUTO_INCREMENT,
  `name` varchar(255) COLLATE utf8mb4_unicode_ci NOT NULL,
  `alamat` varchar(255) COLLATE utf8mb4_unicode_ci NOT NULL,
  `jenis_kelamin` varchar(255) COLLATE utf8mb4_unicode_ci NOT NULL,
  `no_telepon` varchar(255) COLLATE utf8mb4_unicode_ci NOT NULL,
  `email` varchar(255) COLLATE utf8mb4_unicode_ci NOT NULL,
  `email_verified_at` timestamp NULL DEFAULT NULL,
  `password` varchar(255) COLLATE utf8mb4_unicode_ci NOT NULL,
  `remember_token` varchar(100) COLLATE utf8mb4_unicode_ci DEFAULT NULL,
  `created_at` timestamp NULL DEFAULT NULL,
  `updated_at` timestamp NULL DEFAULT NULL,
  PRIMARY KEY (`id`),
  UNIQUE KEY `users_email_unique` (`email`)
) ENGINE=InnoDB AUTO_INCREMENT=23 DEFAULT CHARSET=utf8mb4 COLLATE=utf8mb4_unicode_ci;

INSERT INTO `users` (`id`, `name`, `alamat`, `jenis_kelamin`, `no_telepon`, `email`, `email_verified_at`, `password`, `remember_token`, `created_at`, `updated_at`) VALUES
	(1, 'websolutionstuff', '', '', '', 'test@gmail.com', NULL, '$2y$10$ViO.n.fSkUYGJ/MxJxbV/uMDFAjvEuTV0aq/ryzt1.jQQ4XqlFMa2', NULL, '2023-05-20 06:56:55', '2023-05-20 06:56:55'),
	(2, 'rayhan', '', '', '', 'rayhan@gmail.com', NULL, '$2y$10$9OCnEGlrXZ2GyQf7tJ5ZP.chvV9q10nw/IMRZLRjsYkWx1OwIPQOC', NULL, '2023-05-20 07:04:04', '2023-05-20 07:04:04'),
	(3, 'adinda', '', '', '', 'adinda@gmail.com', NULL, '$2y$10$HV1wm.yD6T.jWXuODGQliOVwdiYI0Zxxdn2GmDm9KGz/iMyb/lJSa', NULL, '2023-05-20 07:04:25', '2023-05-20 07:04:25'),
	(4, 'kadu', '', '', '', 'kadu@gmail.com', NULL, '$2y$10$97Ug8vsBBOeLo68yGMIKRuzmNijpbDwCLGX0GxPaR6xGBUmUjXY7C', NULL, '2023-05-20 07:04:48', '2023-05-20 07:04:48'),
	(5, 'Roger32', '', '', '', 'sani@gmail.com', NULL, '$2y$10$L76OzpBm1vWwmKmXbEXzrOmWJ/k/4WBT6cVASu/jGzfLzlEyBXpta', NULL, '2023-05-20 07:05:08', '2023-05-20 07:05:08'),
	(6, 'ridwan', '', '', '', 'ridwan@gmail.com', NULL, '$2y$10$R8EbTZiHotV/c9yimMO7w.Goo.mmJrELirQQRRNTky4CsyCGNjoXW', NULL, '2023-05-20 09:57:45', '2023-05-20 09:57:45'),
	(7, 'saniswandika', 'jln.bandung1234', 'Laki-Laki', '123456', 'saniswandika@gmail.com', NULL, '$2y$10$yRGUOGFeVGRcx0whxYSRPedHugW1hC2wWfrnb2qy4i/0OSEqWD92W', NULL, '2023-05-21 02:48:02', '2023-05-21 05:24:19'),
	(8, 'klinik', 'bandung', 'perempuan', '08810820', 'klinik@gmail.com', NULL, '$2y$10$hOyhvY.O6ldMVRVYUw/wMuM0XlPos0362WQdn6mwNm/rxWoJfIMa.', NULL, '2023-05-21 09:26:53', '2023-05-21 09:26:53'),
	(9, 'sani swandika', 'bandung', 'laki-laki', '093982824', 'swandikasani@gmail.com', NULL, '$2y$10$DToTMy8b41UpsBbR.GfFyOM4AbajOpWY7GnKmMcDLle60cpVD/kG6', NULL, '2023-05-21 10:15:12', '2023-05-21 10:15:12'),
	(10, 'sani swandika', 'bandung', 'bandung', '123466666', 'bandung@gmail.com', NULL, '$2y$10$YMXrRNiK51OM.3UdEtGErOOvITcASfjjl4t0fT6mpAVg.TXPBWJY2', NULL, '2023-05-21 10:17:04', '2023-05-21 10:17:04'),
	(12, 'kadu rayhan', 'padalarang', 'pilih jenis kelamin ...', '08811299383', 'kadu123@gmail.com', NULL, '$2y$10$HHxd6x1jDXNbFQkkMIxp/ewZmXd3/gtnhSuMFrtWGgpEYcbxmbiO6', NULL, '2023-05-21 10:22:26', '2023-05-21 10:22:26'),
	(13, 'basir', 'basir', 'laki-laki', '0881103874', 'basir@gmail.com', NULL, '$2y$10$u5S9tNZyRrdpe66ZChRf6OK1F9GGbwun7P2vjGi1nJt5Mst6/anwK', NULL, '2023-05-21 20:19:54', '2023-05-21 20:19:54'),
	(14, 'rayhan', 'paadalarang', 'laki-laki', '12345678', 'jundi@gmail.com', NULL, '$2y$10$rOu9PE991Hz.gwKJ2OwVM.x5NVZ42K8Kluht84gs1TNI.vUpmOUpq', NULL, '2023-05-21 21:01:31', '2023-05-21 21:01:31'),
	(15, 'anggi', 'rancaekek', 'laki-laki', '08810233848', 'anggi@gmail.com', NULL, '$2y$10$LFwaNKV/oHe0DxAbX9wgD.Ar1VpcmkgmW9.fA73qLq4mY7RZWdVmK', NULL, '2023-05-22 00:47:57', '2023-05-22 00:47:57'),
	(16, 'fadil', 'bandung', 'Laki-Laki', '0881727764123', 'fadil2@gmail.com', NULL, '$2y$10$AXh3Kj4ZdE6FuoAdmIM3PudNUMMBZuNzcbS4jMLKnPLVk/Lo5TACe', NULL, '2023-05-23 00:54:24', '2023-05-23 21:59:34'),
	(17, 'hadi', 'bandung', 'laki-laki', '1234556', 'hadi@gmail.com', NULL, '$2y$10$7OQpHWT8az8zoo41JdwnYO/tLeoVytA5yP6YOA0ZJoGUHJjw84Y9m', NULL, '2023-05-23 22:00:20', '2023-05-23 22:00:20'),
	(18, 'syahrul', 'syahrul', 'laki-laki', '1234444', 'syahrul@gmail.com', NULL, '$2y$10$3LZPvFAFe2L95mpqrseWYu.VoqpLRbvbd5ptv8tm8RZcqM0XodaZ6', NULL, '2023-05-23 22:01:25', '2023-05-23 22:01:25'),
	(19, 'swandika12', 'jln rancaekek', 'laki-laki', '088122649160', 'swandika12@gmail.com', NULL, '$2y$10$5aDR/77HcYJS2Ttt.BbbEuKlrQiHU9BPIZbd4q4eASvhNEf/V7ia6', NULL, '2023-05-23 23:14:59', '2023-05-23 23:14:59'),
	(20, 'nurhuda', 'bandung', 'laki-laki', '088122639160', 'nurhuda@gmail.com', NULL, '$2y$10$SdTYCb8TNFsHKODYf8bIXOLVJNcCMcUmB33m9/WZ9ds4LXYTMB52e', NULL, '2023-05-24 00:07:51', '2023-05-24 00:07:51'),
	(21, 'sani swandika', 'dago,bandung', 'Perempuan', '08810289493', 'dara@gmail.com', NULL, '$2y$10$vmjSNkvdv7BSxSxRYHefKO6Z8V4LLR/7OIsFlQNKfPE04.7SBfs2m', NULL, '2023-06-30 09:54:48', '2023-06-30 09:54:48'),
	(22, 'kasir', 'bandung,dago', 'laki-laki', '081102083031', 'sani32@gmail.com', NULL, '$2y$10$FmFtRMpeApIa8lj58SPfcO1ARYusyRLwd99/i7bBYZhFdMmcWjO7G', NULL, '2023-06-30 10:06:51', '2023-06-30 10:06:51');

CREATE TABLE IF NOT EXISTS `vitalsign` (
  `id_vitalsign` bigint(20) unsigned NOT NULL AUTO_INCREMENT,
  `tekanan_darah` int(11) NOT NULL DEFAULT 0,
  `suhu_tubuh` text COLLATE utf8mb4_unicode_ci NOT NULL,
  `laju_respirasi` varchar(255) COLLATE utf8mb4_unicode_ci NOT NULL,
  `pulsu` varchar(255) COLLATE utf8mb4_unicode_ci NOT NULL,
  `rasi_oksigen` int(25) DEFAULT NULL,
  `created_by` varchar(255) COLLATE utf8mb4_unicode_ci NOT NULL,
  `updated_by` varchar(255) COLLATE utf8mb4_unicode_ci DEFAULT NULL,
  `id_antrian` bigint(20) unsigned NOT NULL,
  `id_perawat` bigint(20) unsigned NOT NULL,
  `created_at` timestamp NULL DEFAULT NULL,
  `updated_at` timestamp NULL DEFAULT NULL,
  `deleted_at` timestamp NULL DEFAULT NULL,
  `status_gizi` varchar(50) COLLATE utf8mb4_unicode_ci DEFAULT NULL,
  `berat_badan` varchar(50) COLLATE utf8mb4_unicode_ci DEFAULT NULL,
  `tinggi_badan` varchar(50) COLLATE utf8mb4_unicode_ci DEFAULT NULL,
  PRIMARY KEY (`id_vitalsign`),
  KEY `vitalsign_id_antrian_foreign` (`id_antrian`),
  KEY `vitalsign_id_perawat_foreign` (`id_perawat`),
  CONSTRAINT `vitalsign_id_antrian_foreign` FOREIGN KEY (`id_antrian`) REFERENCES `antrians` (`id_antrian`) ON DELETE CASCADE,
  CONSTRAINT `vitalsign_id_perawat_foreign` FOREIGN KEY (`id_perawat`) REFERENCES `users` (`id`) ON DELETE CASCADE
) ENGINE=InnoDB AUTO_INCREMENT=17 DEFAULT CHARSET=utf8mb4 COLLATE=utf8mb4_unicode_ci;

INSERT INTO `vitalsign` (`id_vitalsign`, `tekanan_darah`, `suhu_tubuh`, `laju_respirasi`, `pulsu`, `rasi_oksigen`, `created_by`, `updated_by`, `id_antrian`, `id_perawat`, `created_at`, `updated_at`, `deleted_at`, `status_gizi`, `berat_badan`, `tinggi_badan`) VALUES
	(1, 2, 'normal', 'normal', 'normal', NULL, 'websolutionstuff', NULL, 1, 3, '2023-05-20 07:06:14', '2023-05-20 07:06:14', NULL, NULL, '2.8', '47.5'),
	(2, 2, 'normal', 'normal', 'normal', NULL, '3', NULL, 2, 3, '2023-05-20 10:02:59', '2023-05-24 02:36:21', '2023-05-24 02:36:21', NULL, NULL, NULL);

DROP TABLE IF EXISTS `perbandingan`;
CREATE ALGORITHM=UNDEFINED DEFINER=`root`@`localhost` SQL SECURITY DEFINER VIEW `perbandingan` AS select `u`.`nim` AS `nim`,`u`.`nama_mahasiswa` AS `nama_mahasiswa`,`u`.`nilai_ipk` AS `nilai_ipk`,`u`.`kompensasi` AS `kompensasi`,`u`.`class` AS `class`,`a`.`keputusan` AS `keputusan`,`u`.`status` AS `status` from ((`data_mahasiswa` `u` join `data_keputusan` `i` on(`u`.`nim` = `i`.`nim_mhs`)) join `rule_c45` `a` on(`i`.`id_rule` = `a`.`id_rule_c45`)) ;

DROP TABLE IF EXISTS `pohon`;
CREATE ALGORITHM=UNDEFINED DEFINER=`root`@`localhost` SQL SECURITY DEFINER VIEW `pohon` AS select `a`.`id_rule_c45` AS `id_rule_c45`,`i`.`atribut` AS `atribut`,`u`.`nilai` AS `nilai`,`a`.`keputusan` AS `keputusan` from ((`nilai_atribut` `u` join `atribut` `i` on(`u`.`id_atribut2` = `i`.`id_atribut`)) join `rule_c45` `a` on(`u`.`id_data_atribut` = `a`.`id_nilaiatribut`)) ;

/*!40103 SET TIME_ZONE=IFNULL(@OLD_TIME_ZONE, 'system') */;
/*!40101 SET SQL_MODE=IFNULL(@OLD_SQL_MODE, '') */;
/*!40014 SET FOREIGN_KEY_CHECKS=IFNULL(@OLD_FOREIGN_KEY_CHECKS, 1) */;
/*!40101 SET CHARACTER_SET_CLIENT=@OLD_CHARACTER_SET_CLIENT */;
/*!40111 SET SQL_NOTES=IFNULL(@OLD_SQL_NOTES, 1) */;
